ngdp00,census_year,Pop_Total,Pop_GenderMale,Pop_GenderFemale,Pop_CitizenshipCitizen,Pop_CitizenshipNon-citizen,Pop_EthnicMalay,Pop_EthnicOtherBumi,Pop_EthnicChinese,Pop_EthnicIndian,Pop_EthnicOther,Pop_AgeGroup0014,Pop_AgeGroup1564,Pop_AgeGroup65++,Pop_MaritalNeverMarried,Pop_MaritalMarried,Pop_MaritalWiddowed,Pop_MaritalDivorcedSeparated,Pop_ReligionIslam,Pop_ReligionChristian,Pop_ReligionBuddha,Pop_ReligionHindu,Pop_ReligionOthers,Pop_ReligionNoReligionUnknown,Pop_StrataUrban,Pop_StrataRural,LandAreaKm2,Pop_Density
0101,1991,294056,145922,148134,290877,3179,132503,1455,103953,5536,47430,102996,176238,14822,102010,108892,12265,1224,184458,3377,78549,4401,20562,2383,96335,197721,1966.31,149.547
0101,2000,336509,170374,166135,328050,8459,213853,2722,105480,5525,470,109112,207499,19898,77343,135002,13904,1148,225280,3639,89968,4723,11748,1151,161508,175001,1966.31,171.137
0101,2010,401902,206220,195682,383391,18511,254078,2641,119361,6443,868,112129,261213,28560,105366,162267,20416,1724,267911,5118,116380,6824,3173,2496,221888,180014,1966.31,204.394
0101,2020,495338,261609,233729,465143,30195,311257,5110,140103,6910,1763,105923,356961,32454,159048,211339,13635,5010,330803,14565,129831,13484,5570,1085,309750,185588,1966.31,251.912
0102,1991,704471,366337,338134,678287,26184,326104,3255,260493,64923,23512,229812,456055,18604,248101,269251,16602,2906,376354,19029,196853,55420,46926,8101,560227,144244,1821.35,386.785
0102,2000,1081978,564466,517512,1017892,64086,505818,15430,387522,101827,7295,327529,727994,26455,289176,436574,23984,4715,577765,35139,336341,90901,28854,12978,985407,96571,1821.35,594.053
0102,2010,1579482,839839,739643,1435789,143693,711584,33420,537903,144236,8646,429098,1094020,56364,443287,652678,46984,7435,806190,70534,522554,146520,9365,24319,1463461,116021,1821.35,867.204
0102,2020,2040688,1085049,955639,1870322,170366,945818,36333,701521,175216,11434,519035,1399638,122015,549245,906294,38808,26908,1064829,85698,657921,193994,18854,19392,1994365,46323,1821.35,1120.426
0103,1991,224424,115871,108553,216660,7764,99086,1108,81761,24671,10034,83945,133331,7148,74984,85021,5886,716,117636,3642,63821,22044,15572,1339,98669,125755,2864.53,78.346
0103,2000,255601,134214,121387,241426,14175,129458,1789,84170,24867,1142,84642,161684,9275,57159,105634,7320,846,144879,3934,71240,22915,11254,1379,149070,106531,2864.53,89.23
0103,2010,288364,160007,128357,253682,34682,138223,3711,86690,24012,1046,74961,196367,17036,75826,124044,12187,1346,162446,5101,86974,24172,2384,7287,174663,113701,2864.53,100.667
0103,2020,323762,179314,144448,289981,33781,166614,4810,92320,24842,1395,75113,229899,18750,83548,148113,13305,3596,193955,6792,91720,28316,1274,1705,225555,98207,2864.53,113.024
0104,1991,174425,90836,83589,167920,6505,132338,789,18903,6142,9748,73555,97247,3623,58265,61952,3173,503,148829,1229,14168,5167,4248,420,24327,150098,3488.55,49.999
0104,2000,192336,101139,91197,181458,10878,155137,1095,19163,5573,490,65629,121738,4969,45702,75808,4582,615,167015,1200,15597,4847,3289,388,38863,153473,3488.55,55.134
0104,2010,187824,98733,89091,171356,16468,144800,1580,18817,5592,567,50611,126704,10509,45213,83506,7705,789,160223,1512,18846,5166,1075,1002,70726,117098,3488.55,53.84
0104,2020,222382,118422,103960,208575,13807,179989,3587,18630,5541,828,52555,157268,12559,57803,99096,10820,2085,194191,2326,18315,6281,545,724,107232,115150,3488.55,63.746
0105,1991,63643,32579,31064,62555,1088,48373,1134,9986,899,2163,28140,33450,2053,18132,22830,1811,255,51501,229,7059,708,3151,598,19055,44588,2856.59,22.279
0105,2000,67605,34745,32860,65804,1801,55310,1461,8180,736,117,26086,39173,2346,13848,25418,1924,329,57349,539,6003,644,2899,171,19988,47617,2856.59,23.666
0105,2010,69028,36595,32433,62268,6760,51946,2450,7072,717,83,20373,45119,3536,16666,28522,3082,385,57489,890,7379,630,71,2569,23759,45269,2856.59,24.164
0105,2020,78195,41939,36256,74072,4123,62903,2984,7119,864,202,18786,55134,4275,20485,34383,3761,751,67527,992,6953,1128,491,1104,22553,55642,2856.59,27.374
0106,1991,301804,148348,153456,299831,1973,154351,969,117776,11303,15432,107632,178036,16136,103307,111051,12570,1032,171661,3190,92168,10211,20883,1628,97157,204647,2369.34,127.379
0106,2000,330355,168014,162341,318620,11735,191670,1394,114081,10617,858,107681,202082,20592,76153,131262,14208,1051,203987,3439,97478,10128,13908,1415,150447,179908,2369.34,139.429
0106,2010,370917,193036,177881,349801,21116,205851,2322,129139,11617,872,103047,237818,30052,96317,150013,20274,1266,218834,21078,104799,13271,9441,3494,194979,175938,2369.34,156.549
0106,2020,478225,258527,219698,436306,41919,274784,3020,143219,13844,1439,107708,339207,31310,148024,200650,17479,4327,304816,7100,142098,19381,3429,1401,255430,222795,2369.34,201.839
0107,1991,129356,64533,64823,126793,2563,57361,709,43058,1283,24382,46872,75120,7364,42936,48458,5482,504,84883,653,29420,1152,12818,340,40183,89173,932.63,138.7
0107,2000,142697,72509,70188,137374,5323,92332,489,42860,1284,409,46829,86649,9219,32396,56728,6121,623,98108,820,34170,1213,8166,220,57865,84832,932.63,153.005
0107,2010,149938,78266,71672,139002,10936,95732,1202,40188,1481,399,42413,95217,12308,38382,60973,7364,806,103477,1055,40028,2205,1857,1316,72875,77063,932.63,160.769
0107,2020,173318,93247,80071,159983,13335,113498,1771,42608,1367,739,40237,122497,10584,45959,77854,7499,1743,125176,1894,41562,3326,1126,234,83930,89388,932.63,185.838
0108,1991,177561,88834,88727,173535,4026,76530,1246,69920,19291,6548,67946,102898,6717,60328,65393,5362,701,87326,2725,55160,17354,13290,1364,53957,123604,2866.56,61.942
0108,2000,177916,88781,89135,172160,5756,90135,1487,63546,16320,672,60472,108891,8553,38936,71791,6226,491,96449,2443,55606,15117,7869,432,94967,82949,2866.56,62.066
0108,2010,182985,92663,90322,172799,10186,96258,2447,58420,15162,512,45879,123457,13649,49323,78296,8781,706,104577,1916,56666,14321,3465,2040,95341,87644,2866.56,63.834
0108,2020,197762,103200,94562,186121,11641,103554,3142,63132,15711,582,39953,145166,12643,58646,88748,8105,2244,113382,2099,62404,16807,1063,2007,104669,93093,2866.56,68.989
0201,1991,114485,55536,58949,114251,234,97179,175,6809,7762,2326,47212,61934,5339,34859,41765,4244,1122,98302,347,6764,7171,1606,228,NA,114485,1529,74.876
0201,2000,124830,61755,63075,124304,526,111112,183,5510,5772,1727,46439,71642,6749,25523,47061,5085,722,111863,310,6084,5420,1031,122,NA,124830,1529,81.642
0201,2010,132304,66462,65842,130061,2243,117912,295,4731,5319,1804,41981,80588,9735,29608,53103,6706,906,120209,376,6308,5033,297,81,51485,80819,1529,86.53
0201,2020,142643,73102,69541,139748,2895,128024,724,4218,4517,2265,38544,93524,10575,35916,59302,6382,961,130000,403,6054,4635,240,1311,45148,97495,1529,93.292
0202,1991,33006,16133,16873,32908,98,24160,11,5846,2776,115,12558,18528,1920,10471,12309,1555,269,24448,144,2836,2565,2911,102,NA,33006,271,121.793
0202,2000,37963,19006,18957,37675,288,29586,27,5154,2868,40,13354,22372,2237,8049,14730,1632,198,29922,111,3659,2783,1375,113,NA,37963,271,140.085
0202,2010,41352,20810,20542,40677,675,33385,27,4585,2630,50,13172,25002,3178,8956,16754,2217,253,33959,144,4592,2566,31,60,12028,29324,271,152.59
0202,2020,44412,22740,21672,43107,1305,36156,115,4141,2611,84,11582,29343,3487,11367,18763,2469,356,37316,86,3540,2563,620,287,11557,32855,271,163.882
0203,1991,322354,159763,162591,321125,1229,230277,159,78670,10455,1564,116350,191068,14936,101818,125984,12538,2492,232825,2346,65178,8282,12525,711,180026,142328,664,485.473
0203,2000,354513,176297,178216,351654,2859,263921,165,76987,9154,1427,119432,216072,19009,71051,147190,14312,2528,267477,2288,68886,7714,7752,396,203342,151171,664,533.905
0203,2010,405523,203828,201695,397327,8196,305003,638,81149,8974,1563,110371,265614,29538,97016,175675,19601,2860,311588,2186,81834,7832,1607,476,299108,106415,664,610.727
0203,2020,423863,213339,210524,408163,15700,311570,1200,85730,8063,1600,107718,280745,35400,93297,183830,18529,5608,319589,2632,83854,7423,1723,8642,320124,103739,664,638.348
0204,1991,254372,125549,128823,253332,1040,151976,567,59348,40066,1375,93276,150806,10290,82259,96559,9155,1629,154357,3691,37340,36545,21822,490,138512,115860,913,278.611
0204,2000,339898,170248,169650,332482,7416,211853,628,70252,48276,1473,116094,210287,13517,72555,137983,11430,1836,219731,4429,55863,44813,14182,880,217741,122157,913,372.287
0204,2010,443488,224626,218862,423736,19752,278999,1403,82249,58986,2099,131269,289644,22575,102427,189865,17062,2865,291946,5752,83214,56971,3082,2523,375000,68488,913,485.748
0204,2020,544984,280022,264962,509844,35140,363932,2136,83024,58581,2171,130338,369798,44848,114011,228387,15920,4559,376394,5990,81498,57755,3866,19481,478314,66670,913,596.916
0205,1991,157963,78471,79492,157470,493,134750,191,15598,4210,2721,58273,91959,7731,46997,63154,5638,1575,135374,521,14945,3773,2694,615,35881,122082,946,166.98
0205,2000,185856,89556,96300,184046,1810,160058,843,15892,4384,2869,60654,115433,9769,41082,75879,6676,1565,162324,1006,17108,4065,1277,76,49401,136455,946,196.465
0205,2010,214479,104688,109791,209463,5016,184135,799,16555,4846,3128,57172,143767,13540,61207,85049,9414,1637,188657,1054,19718,4579,357,114,111369,103110,946,226.722
0205,2020,237759,117316,120443,230846,6913,206499,1176,14934,4911,3326,63125,156482,18152,63130,102416,9731,2097,212015,1885,16649,4488,200,2522,128858,108901,946,251.331
0206,1991,128356,62828,65528,127681,675,73808,156,27170,26027,520,45780,77308,5268,43894,47704,4336,843,75273,2144,19269,24043,7418,176,58328,70028,774,165.835
0206,2000,190952,95472,95480,186203,4749,112935,349,36200,36204,515,65672,118049,7231,40534,77885,5887,974,118051,3108,29848,33973,5757,215,117488,73464,774,246.708
0206,2010,281260,146510,134750,265902,15358,168597,557,46208,49830,710,87321,182160,11779,65000,118795,8773,1371,177623,4315,44737,48335,2687,3563,255263,25997,774,363.385
0206,2020,337699,173041,164658,318348,19351,220323,1129,47366,48070,1460,79726,230859,27114,72669,142274,8264,2521,230686,3810,46281,46502,2583,7837,296845,40854,774,436.304
0207,1991,42938,22157,20781,41684,1254,37435,101,2769,1095,284,15613,25581,1744,12248,17155,1169,403,38413,201,2223,883,393,52,10503,32435,526,81.631
0207,2000,69681,35523,34158,67396,2285,61018,228,4136,1540,474,24913,42488,2280,14147,28536,1594,491,63525,526,3924,1345,289,72,20997,48684,526,132.473
0207,2010,92784,49065,43719,83607,9177,77279,151,4253,1712,212,27326,61895,3563,19469,43042,2360,587,79908,673,4714,1628,66,5795,77740,15044,526,176.395
0207,2020,94138,48694,45444,90015,4123,82160,528,4611,1741,975,24037,63594,6507,21294,41605,3105,1430,85490,940,4523,1579,56,1550,88986,5152,526,178.97
0208,1991,50726,25130,25596,50532,194,46273,20,783,136,3320,21308,27325,2093,13506,20234,1535,520,46525,45,3861,102,180,13,NA,50726,1359,37.326
0208,2000,55847,27657,28190,55638,209,51258,23,661,47,3649,21733,31091,3023,9276,22402,2041,395,51480,16,4273,27,45,6,NA,55847,1359,41.094
0208,2010,61970,31395,30575,60413,1557,55784,74,651,85,3819,18549,38768,4653,13434,26656,2906,425,57028,64,4772,76,16,14,NA,61970,1359,45.6
0208,2020,65698,34223,31475,62389,3309,57089,190,497,28,4585,18010,43001,4687,15580,28818,3300,592,58752,206,6467,67,11,195,NA,65698,1359,48.343
0209,1991,54466,27121,27345,54362,104,50125,18,973,94,3152,23245,28837,2384,15354,20703,1752,569,50332,13,3927,21,106,44,NA,54466,1635,33.313
0209,2000,59556,29718,29838,59386,170,55176,24,802,45,3339,22475,33838,3243,11275,22982,2374,450,55391,14,3880,15,248,8,NA,59556,1635,36.426
0209,2010,66387,34140,32247,64795,1592,60131,20,690,52,3902,20675,40796,4916,13833,28163,3207,509,61171,19,4760,48,76,313,NA,66387,1635,40.604
0209,2020,67925,34674,33251,65808,2117,61616,197,513,57,3425,18668,44403,4854,14493,31203,3279,598,63010,42,4087,55,20,711,9707,58218,1635,41.544
0210,1991,60483,28871,31612,60319,164,54130,53,5709,186,241,22706,34168,3609,19943,22415,2853,563,54555,23,4328,105,1383,54,NA,60483,246,245.866
0210,2000,62217,30360,31857,61852,365,56890,35,4636,138,153,22020,35802,4395,11757,24745,3187,508,57422,27,3934,103,681,50,NA,62217,246,252.915
0210,2010,66606,33168,33438,65950,656,61478,19,4326,91,36,20787,40108,5711,14005,27756,3556,502,61933,43,4330,73,58,169,29978,36628,246,270.756
0210,2020,73384,37659,35725,72802,582,69620,318,2734,63,67,19924,47867,5593,15558,31260,3394,560,70332,72,2673,36,37,234,33969,39415,246,298.309
0211,1991,83092,40814,42278,82944,148,72232,40,5134,606,4932,31878,46725,4489,23694,33193,3476,855,72596,71,8878,507,997,43,NA,83092,629,132.102
0211,2000,89764,44447,45317,89391,373,79516,29,4205,340,5301,31738,52063,5963,16278,36891,4068,789,79872,50,9146,298,377,21,NA,89764,629,142.709
0211,2010,93598,46768,46830,92669,929,83040,62,3375,241,5951,27238,58342,8018,20579,39836,5409,536,83753,67,9379,229,141,29,10884,82714,629,148.804
0211,2020,98922,52476,46446,97010,1912,87797,257,2832,413,5711,27166,64461,7295,19645,43015,4145,849,89036,207,8350,347,460,522,21833,77089,629,157.269
0301,1991,98557,47862,50695,98258,299,96800,90,1039,21,308,43739,49619,5199,29630,32967,3295,1833,97230,9,1255,16,39,3,NA,98557,279,353.251
0301,2000,109384,54674,54710,108881,503,107568,42,947,6,318,46197,57190,5997,20311,37310,4172,1394,108141,5,1202,5,30,1,NA,109384,279,392.057
0301,2010,126350,63459,62891,125538,812,123743,74,1279,29,413,42932,76036,7382,31101,45582,5708,1027,124723,85,1507,24,8,3,NA,126350,279,452.867
0301,2020,157288,76210,81078,156130,1158,153756,484,1354,112,424,43156,104538,9594,47556,58978,5885,1435,155139,160,1583,100,18,288,NA,157288,279,563.756
0302,1991,366770,178955,187815,362619,4151,333637,1110,24528,1855,1489,149453,201942,15375,118123,125479,12351,4637,338095,1894,22874,1249,1133,583,297634,69136,402.7,910.777
0302,2000,398835,197695,201140,393913,4922,369380,878,21334,1342,979,157031,224112,17692,81185,142933,13922,3764,374638,1471,20627,1140,748,211,324016,74819,402.7,990.402
0302,2010,468438,232752,235686,459880,8558,433238,1679,22444,1320,1199,138077,305565,24796,112989,194063,19556,3753,442711,2007,21915,1391,265,149,419611,48827,402.7,1163.243
0302,2020,555757,277807,277950,544531,11226,521398,3302,16879,1390,1562,147669,372078,36010,172652,202004,22060,6254,531584,2916,15692,1189,340,4036,510456,45301,402.7,1380.077
0303,1991,71584,34907,36677,71094,490,67857,43,2931,207,56,31138,36409,4037,21635,24790,2575,1116,68500,60,2819,149,39,17,NA,71584,526.2,136.04
0303,2000,77762,38292,39470,77406,356,74640,37,2543,138,48,32590,40655,4517,14067,27194,3230,681,75035,33,2501,127,53,13,NA,77762,526.2,147.78
0303,2010,89118,43756,45362,88220,898,85196,104,2462,394,64,27773,55440,5905,24332,32205,4192,616,86174,113,2455,359,8,9,15122,73996,526.2,169.361
0303,2020,110008,54680,55328,108988,1020,106300,499,1972,104,113,35996,66567,7445,31130,37272,4296,1212,107648,207,1960,117,46,30,26376,83632,526.2,209.061
0304,1991,150035,72531,77504,147291,2744,142623,98,3678,183,709,63636,78449,7950,45518,52170,5496,2492,145681,67,4096,82,67,33,15374,134661,569.5,263.45
0304,2000,162312,80278,82034,160049,2263,156019,74,3279,35,642,67127,85683,9502,28553,58082,6687,1863,158378,50,3824,12,44,4,17217,145095,569.5,285.008
0304,2010,180878,90850,90028,177487,3391,173094,68,3560,26,739,58660,110336,11882,39373,72414,9138,1293,176789,102,3902,19,49,17,26785,154093,569.5,317.608
0304,2020,230424,116756,113668,227898,2526,223017,694,3343,29,815,71914,142373,16137,63770,80840,10986,2359,225777,231,3849,5,6,556,50337,180087,569.5,404.608
0305,1991,96348,46693,49655,95898,450,93839,68,1116,41,834,42279,48785,5284,28216,33229,3606,1470,94466,20,1787,11,39,4,NA,96348,423.3,227.612
0305,2000,104404,51773,52631,103853,551,102376,46,739,28,664,43813,54260,6331,18374,36650,4470,1097,102893,7,1479,4,20,1,NA,104404,423.3,246.643
0305,2010,113191,56505,56686,112337,854,110597,45,808,17,870,39643,65838,7710,24977,41999,5733,839,111561,52,1538,9,18,13,12726,100465,423.3,267.401
0305,2020,136157,67447,68710,135280,877,133273,489,621,74,823,44505,81775,9877,35535,48443,5459,2002,134566,166,1244,42,73,66,24532,111625,423.3,321.656
0306,1991,94611,46618,47993,91328,3283,86123,58,3726,927,494,41917,49282,3412,28088,33266,2423,1328,89551,74,3992,826,106,35,21825,72786,879.9,107.525
0306,2000,101509,50578,50931,99618,1891,94990,61,3647,475,445,43926,53366,4217,17078,36375,3165,965,96923,37,4039,459,42,9,24834,76675,879.9,115.364
0306,2010,115949,58892,57057,112132,3817,107010,191,4043,425,463,39803,70022,6124,24227,46137,4943,839,110730,284,4303,362,42,228,37893,78056,879.9,131.775
0306,2020,150766,77481,73285,146520,4246,140026,751,4697,375,671,46734,94652,9380,39885,56444,5849,1441,143648,484,5017,434,17,1166,57221,93545,879.9,171.344
0307,1991,116044,56695,59349,114712,1332,105153,95,3991,160,5313,50060,60307,5677,34688,40112,4519,1507,106513,255,8864,84,173,21,26290,89754,179.8,645.406
0307,2000,130414,64821,65593,129086,1328,119270,39,4638,95,5044,53950,69456,7008,23529,46163,5446,1326,120545,197,9553,61,53,5,28725,101689,179.8,725.328
0307,2010,147179,73726,73453,145464,1715,134289,40,6230,121,4784,48350,89702,9127,34031,56516,7244,1038,135814,158,11024,75,30,78,51631,95548,179.8,818.571
0307,2020,179943,89192,90751,178503,1440,164874,178,7362,176,5913,61235,107044,11664,44267,63925,8163,1926,166415,351,13016,83,34,44,63120,116823,179.8,1000.795
0308,1991,63816,34886,28930,57678,6138,46802,6264,4125,369,49,28914,34144,758,16614,23991,819,562,52874,290,3692,364,6223,274,14448,49368,8178.6,7.803
0308,2000,74988,39782,35206,70803,4185,57884,8845,3718,263,93,34367,39448,1173,11903,27181,1145,392,63761,202,3538,247,7074,166,16578,58410,8178.6,9.169
0308,2010,86189,46359,39830,81204,4985,64253,12570,3870,350,161,30389,53458,2342,18068,35206,2123,403,73610,1159,3967,360,2266,4827,19914,66275,8178.6,10.538
0308,2020,112495,60254,52241,104835,7660,80975,17315,4768,1424,353,40814,67186,4495,25163,39792,2846,899,94058,1817,4687,780,2692,8461,31322,81173,8178.6,13.755
0309,1991,90830,45899,44931,86740,4090,80423,92,4463,1663,99,40508,47425,2897,26222,32872,2048,1132,84571,175,4250,1524,158,78,19914,70916,2275,39.925
0309,2000,91771,46058,45713,89449,2322,84524,63,3641,1085,136,40530,47522,3719,14692,33073,2735,741,86917,128,3604,1003,95,24,19573,72198,2275,40.339
0309,2010,104234,53585,50649,99352,4882,94268,57,3994,918,115,35504,63049,5681,23145,40498,4244,843,99073,122,4106,857,35,41,29112,75122,2275,45.817
0309,2020,105007,52863,52144,101255,3752,96523,114,3538,846,234,30366,67826,6815,26296,41219,4975,1219,99601,275,3562,922,73,574,27048,77959,2275,46.157
0310,1991,32720,17122,15598,31003,1717,30242,309,352,58,42,14337,17261,1122,9400,11925,807,442,32021,73,303,43,265,15,NA,32720,1326.4,24.668
0310,2000,35988,18362,17626,35257,731,34694,465,59,32,7,15911,18608,1469,6038,12689,1022,328,35803,73,65,27,13,7,NA,35988,1326.4,27.132
0310,2010,39170,20362,18808,38026,1144,37142,694,97,58,35,14420,22805,1945,8229,14668,1659,194,38902,130,72,43,12,11,NA,39170,1326.4,29.531
0310,2020,54656,27373,27283,53259,1397,51821,1042,142,175,79,14706,37254,2696,18531,18337,2127,533,53827,243,115,149,8,314,NA,54656,1326.4,41.206
0401,1991,116653,56538,60115,114826,1827,76571,560,24875,11856,964,42760,66767,7126,36903,43398,5930,875,79402,1387,19735,10651,4577,351,NA,116653,674,173.076
0401,2000,132317,65074,67243,128715,3602,95451,902,20758,11389,215,43166,80705,8446,31530,50357,6416,848,99333,1521,16934,10591,3319,619,64614,67703,674,196.316
0401,2010,173712,86920,86792,167419,6293,128293,1387,24046,13325,368,45793,115940,11979,49546,69677,7635,1061,133328,1837,24007,12805,680,1055,131692,42020,674,257.733
0401,2020,249356,128761,120595,231231,18125,181647,2829,27861,18231,663,48058,185949,15349,82841,98694,9035,3290,191253,2712,28284,18679,1082,7346,206826,42530,674,369.964
0402,1991,92771,44783,47988,92146,625,61996,359,18777,9735,1279,33952,53780,5039,31943,33536,4277,407,64092,1467,14713,8691,3497,311,NA,92771,679,136.629
0402,2000,101659,50800,50859,99914,1745,71774,429,16538,10920,253,35222,60001,6436,21194,39762,4872,609,73860,1436,14806,9967,1180,410,15626,86033,679,149.719
0402,2010,131539,66418,65121,127138,4401,95775,871,16714,13551,227,37204,84514,9821,32033,56020,5666,616,98835,1487,16246,12882,460,1629,68221,63318,679,193.725
0402,2020,151937,81756,70181,138701,13236,111861,1346,12945,12024,525,29972,109947,12018,47270,60567,6694,1411,118087,1642,13097,12542,648,5921,103976,47961,679,223.766
0403,1991,296897,147550,149347,293143,3754,151183,1357,122549,13347,4707,102498,181620,12779,100814,111958,10302,1338,156247,15537,100521,10832,10321,1392,195998,100899,359,827.011
0403,2000,371263,184996,186267,359017,12246,203918,2929,133478,15553,3139,116406,238581,16276,90319,150803,12135,1600,216420,19311,114969,13303,5875,1385,327731,43532,359,1034.159
0403,2010,484885,244611,240274,462714,22171,273844,6492,158828,20310,3240,124585,333233,27067,132530,210487,14769,2514,289800,20554,150888,19278,1900,2465,483308,1577,359,1350.655
0403,2020,597135,314425,282710,557429,39706,360372,6580,164433,22104,3940,155923,405329,35883,150268,244977,19012,6079,378361,21928,150336,21419,3116,21975,597135,NA,359,1663.329
0501,1991,40012,20027,19985,39459,553,22641,1486,12863,2170,299,16358,21585,2069,12070,15177,1639,273,23500,566,7499,2036,5726,646,NA,40012,1353.53,29.561
0501,2000,37194,19069,18125,36200,994,22027,1750,10371,1889,163,12499,22235,2460,7363,15402,1690,240,23171,378,8057,1709,3451,428,NA,37194,1353.53,27.479
0501,2010,38299,20144,18155,36442,1857,22809,2430,9392,1693,118,10482,24271,3546,8598,16860,2124,235,25021,410,8803,1647,303,2115,NA,38299,1353.53,28.296
0501,2020,46053,25030,21023,43151,2902,27138,3574,10379,1844,216,13934,28024,4095,9558,19166,2251,605,30842,666,9832,1739,139,2835,NA,46053,1353.53,34.024
0502,1991,68180,33637,34543,67452,728,47950,1085,12142,5721,554,24046,38916,5218,21953,26012,4067,560,49372,464,9524,5300,3202,302,17787,50393,1026.67,66.409
0502,2000,63541,30734,32807,62269,1272,47350,1379,9547,3849,144,19370,38009,6162,14443,25082,4130,516,48964,366,8428,3548,1795,440,18105,45436,1026.67,61.89
0502,2010,63874,31367,32507,62001,1873,47614,1694,8936,3620,137,16019,41107,6748,17381,26104,3892,478,49820,291,8629,3629,167,1338,17735,46139,1026.67,62.215
0502,2020,70331,35985,34346,68539,1792,53800,1728,9199,3600,212,16144,48222,5965,20577,29686,2930,902,55825,515,9032,3610,529,820,21394,48937,1026.67,68.504
0503,1991,92171,48729,43442,90247,1924,37151,858,29607,20849,1782,33863,55151,3157,30563,34362,2807,301,41012,2500,21181,18917,7411,638,47892,44279,583.1,158.071
0503,2000,106630,56526,50104,103202,3428,49081,1810,29622,22171,518,35029,67911,3690,25139,43057,3059,346,53582,3105,24717,20382,4703,141,68923,37707,583.1,182.867
0503,2010,110991,58282,52709,106448,4543,53581,2628,27625,22189,425,30781,74858,5352,30349,45123,4018,720,59019,3181,26078,20748,1663,302,78319,32672,583.1,190.346
0503,2020,128689,68275,60414,122589,6100,65438,2257,31236,22893,765,33441,87812,7436,34351,54180,4468,1043,71939,2448,29892,22240,1716,454,89891,38798,583.1,220.698
0504,1991,34823,16284,18539,34545,278,26347,393,3632,3768,405,12154,19653,3016,10951,13092,2363,347,27147,190,3247,3449,686,98,NA,34823,405.93,85.786
0504,2000,36848,17776,19072,35920,928,29139,554,2745,3413,69,11835,21450,3563,7450,14795,2496,272,30210,262,2312,3200,740,124,NA,36848,405.93,90.774
0504,2010,41988,21343,20645,40349,1639,33929,633,2184,3531,72,12043,26172,3773,9699,17219,2721,306,35513,261,2175,3430,92,517,NA,41988,405.93,103.437
0504,2020,47296,23974,23322,45528,1768,38290,1092,2301,3756,89,10003,33046,4247,15542,18368,2541,669,40068,332,2205,3912,179,600,NA,47296,405.93,116.513
0505,1991,263383,131875,131508,259834,3549,101689,1799,102100,51181,3065,88772,163580,11031,92682,101094,8843,1189,108883,11360,78599,43594,18499,2239,193237,70146,953.64,276.187
0505,2000,383530,198175,185355,366969,16561,173393,3079,117360,71007,2130,112728,255590,15212,101143,156995,10934,1730,191594,16071,94374,61791,17211,2489,322177,61353,953.64,402.175
0505,2010,536147,278082,258065,496441,39706,274106,5436,129978,84622,2299,139020,371454,25673,142176,236340,15677,2934,297344,16825,126326,78563,4574,12515,493820,42327,953.64,562.211
0505,2020,692283,358074,334209,647288,44995,377890,8287,154915,102476,3720,168925,481573,41785,187569,302922,20845,9149,411915,23152,148411,98714,5864,4227,647480,44803,953.64,725.937
0506,1991,72295,35929,36366,71431,864,42986,149,16687,10248,1361,30229,39677,2389,22228,27553,2070,264,45442,977,14815,9480,1357,180,15271,57024,850.84,84.969
0506,2000,77021,38744,38277,74914,2107,45889,179,17472,11065,309,27436,46067,3518,14974,31494,2789,328,48131,1363,15184,10282,1795,266,22329,54692,850.84,90.523
0506,2010,82165,43110,39055,79897,2268,47815,1549,18758,11567,208,22922,53748,5495,19955,35225,3636,427,50388,1957,18331,10972,381,136,39574,42591,850.84,96.569
0506,2020,88123,46801,41322,83289,4834,50075,2016,19342,11614,242,25313,55870,6940,19192,39003,3793,762,54492,2224,19453,11427,291,236,39712,48411,850.84,103.572
0507,1991,122033,61710,60323,120572,1461,77850,1384,22748,16620,1970,57490,61663,2880,34135,44378,2570,351,81835,1265,16924,15330,5904,625,16649,105384,1484.58,82.2
0507,2000,125010,63108,61902,121556,3454,83231,1813,20544,15633,335,47909,73730,3371,25609,47977,3113,402,87149,1164,18157,14792,3133,615,24422,100588,1484.58,84.206
0507,2010,112740,58526,54214,108687,4053,72485,3084,18872,14043,203,30563,76274,5903,27294,49677,4741,465,76735,811,18653,13316,424,2801,27317,85423,1484.58,75.941
0507,2020,127199,65835,61364,121845,5354,80640,4196,21084,15450,475,34316,82087,10796,28228,57522,5724,1112,86474,1986,19458,15912,1068,2301,33229,93970,1484.58,85.68
0601,1991,83965,43814,40151,82037,1928,40805,1747,29730,8803,952,31940,48923,3102,26333,30497,2432,252,41936,922,17485,7920,10571,2424,31243,52722,1831,45.857
0601,2000,96689,50336,46353,93706,2983,48977,2531,32180,9702,316,30847,61894,3948,22819,39529,3153,341,52222,1560,23669,9021,8903,1314,50840,45849,1831,52.807
0601,2010,114397,61623,52774,107940,6457,58585,3237,35987,9770,361,29393,78525,6479,27972,52870,3763,399,63021,1608,35475,9459,1530,3304,80205,34192,1831,62.478
0601,2020,116799,66163,50636,108357,8442,62818,3926,31502,9184,927,29068,79319,8412,38519,43027,3867,1734,69049,1954,31709,9835,681,3571,72544,44255,1831,63.79
0602,1991,25555,13483,12072,24827,728,4651,2624,10571,6800,181,9338,15506,711,7846,10137,630,58,5380,742,8276,6375,3812,524,NA,25555,712,35.892
0602,2000,28077,15258,12819,25852,2225,5297,4279,11259,4961,56,8902,18318,857,6125,12208,789,53,8190,1174,10183,4695,3410,425,NA,28077,712,39.434
0602,2010,36978,20240,16738,32155,4823,7072,5391,12722,6781,189,11150,24433,1395,8653,16529,535,111,10559,1350,12753,6747,2143,3426,11289,25689,712,51.935
0602,2020,39004,22225,16779,33735,5269,8211,9126,11673,4415,310,9288,26851,2865,9722,17601,922,191,15549,1700,11748,4870,1701,3436,10383,28621,712,54.781
0603,1991,74547,38553,35994,72719,1828,57798,1617,9800,2667,837,31948,40520,2079,23973,26172,1857,418,60470,264,7674,2426,3123,426,15811,58736,7561,9.859
0603,2000,80685,41877,38808,77990,2695,63113,2085,10084,2514,194,29786,48102,2797,16424,31724,2396,355,66322,403,8861,2348,2105,646,24677,56008,7561,10.671
0603,2010,88035,47381,40654,83878,4157,68573,2489,9747,2868,201,27716,55365,4954,19818,36814,3384,303,72686,488,9622,2823,1266,1150,34836,53199,7561,11.643
0603,2020,96006,51142,44864,91148,4858,72765,4067,11099,2659,558,27056,62828,6122,25189,38813,3982,770,78418,648,11037,3035,200,2668,41436,54570,7561,12.698
0604,1991,255974,133082,122892,250369,5605,180108,1738,55938,10980,1605,98497,151578,5899,81885,94328,5438,1238,185870,3735,46085,9098,7122,2068,202445,53529,2960,86.478
0604,2000,344319,178149,166170,335848,8471,249576,3312,68226,13541,1193,122901,213374,8044,76200,136344,7250,1624,259363,5733,59491,11963,5539,2230,288727,55592,2960,116.324
0604,2010,443796,230648,213148,428414,15382,333391,4842,75042,13739,1400,132121,294981,16694,111952,185540,11824,2359,347961,6301,72536,12313,1159,3526,384343,59453,2960,149.931
0604,2020,548014,285191,262823,531284,16730,432620,6524,75183,14264,2693,139646,373770,34598,135274,239885,13152,5283,449679,8421,70498,13613,1574,4229,454422,93592,2960,185.14
0605,1991,68276,35959,32317,65349,2927,46769,5509,8700,4025,346,27001,38446,2829,20707,25507,2404,382,50152,688,5806,3762,7079,684,11480,56796,5198,13.135
0605,2000,73557,38757,34800,70368,3189,51880,7501,7570,3240,177,27837,42169,3551,13894,28789,2693,344,55936,418,6404,3088,7416,295,13605,59952,5198,14.151
0605,2010,86484,45943,40541,82200,4284,59570,12267,7411,2811,141,30015,51343,5126,19014,34327,2781,347,64322,3760,7332,2848,1419,6803,16652,69832,5198,16.638
0605,2020,96620,51179,45441,92297,4323,66034,15309,7339,3336,279,26413,64946,5261,25619,39711,3070,1038,71797,4114,7014,3321,2163,8211,18844,77776,5198,18.588
0606,1991,86179,44305,41874,82376,3803,71954,6309,1928,748,1437,38169,45322,2688,26898,29457,2141,485,77198,158,1217,661,6247,628,NA,86179,3805,22.649
0606,2000,97751,50367,47384,93203,4548,80947,9217,1364,461,1214,37934,56621,3196,20068,36573,2720,456,86912,134,1054,458,8077,1116,27667,70084,3805,25.69
0606,2010,105587,55260,50327,100365,5222,85545,11654,1340,380,1446,33202,67235,5150,25315,42678,3924,468,92148,260,1276,361,3241,8301,31692,73895,3805,27.75
0606,2020,121158,65389,55769,112921,8237,95320,13386,1471,1077,1667,30558,85240,5360,37149,46799,4923,1174,104598,555,1748,1711,124,12422,39629,81529,3805,31.842
0607,1991,73085,37340,35745,71827,1258,36867,2135,26439,6035,351,28297,41227,3561,23097,27353,2764,421,38413,551,21261,5501,6190,834,21298,51787,2269,32.21
0607,2000,79488,40717,38771,77676,1812,42669,2736,26269,5832,170,27875,47341,4272,15363,32981,2954,315,44604,1644,20135,5480,6670,955,31810,47678,2269,35.032
0607,2010,91731,47897,43834,88469,3262,51615,4172,26728,5682,272,27809,57072,6850,20410,39159,3884,469,54615,1437,26278,5413,2573,1415,40213,51518,2269,40.428
0607,2020,96139,50909,45230,90838,5301,49934,5560,29471,5473,400,25322,63799,7018,24693,41089,3446,857,54342,1585,29297,6299,2256,2360,38663,57476,2269,42.371
0608,1991,186907,95464,91443,181068,5839,114646,6564,41935,14111,3812,77649,103400,5858,59293,67461,5039,932,124474,1760,28942,13036,16399,1821,34910,151997,2251,83.033
0608,2000,136214,69298,66916,131799,4415,91113,5934,22122,11785,845,49737,81398,5079,27145,54330,4384,618,96731,1891,19030,11129,6088,1345,68974,67240,2251,60.513
0608,2010,158724,82430,76294,151287,7437,107944,6608,23945,11804,986,47945,101756,9023,34303,69733,5749,994,115704,2197,23676,11510,2265,3372,92870,65854,2251,70.513
0608,2020,169023,87304,81719,163731,5292,120312,8766,24128,9559,966,49470,107563,11990,34908,73712,5162,1667,126947,3128,22464,9623,609,6252,100922,68101,2251,75.088
0609,1991,80251,42696,37555,74994,5257,62737,6574,1970,1291,2422,38118,40975,1158,22587,28395,1251,245,70451,186,1401,1181,5725,1215,NA,80251,5247,15.295
0609,2000,102033,54749,47284,94846,7187,82142,8652,2271,1023,758,41246,58998,1789,20251,38518,1702,316,90370,275,1974,939,7630,845,NA,102033,5247,19.446
0609,2010,109848,60254,49594,100979,8869,84742,12035,2708,1082,412,34425,71411,4012,24933,46224,3646,620,93988,560,2727,1115,1284,10174,10503,99345,5247,20.935
0609,2020,98065,53497,44568,89703,8362,71194,15434,1572,916,587,27237,66136,4692,23206,43327,4079,1087,80854,626,1999,1206,243,13137,10476,87589,5247,18.69
0610,1991,110264,56609,53655,108159,2105,98141,885,4916,2316,1901,50147,57987,2130,36079,38281,2038,490,102219,283,4070,2139,1356,173,NA,110264,1917,57.519
0610,2000,112606,56923,55683,109966,2640,102306,1357,4500,1506,297,39029,70426,3151,26196,44057,2837,487,105262,385,2680,1463,2368,448,10864,101742,1917,58.741
0610,2010,111056,57530,53526,106916,4140,100802,1472,3308,1181,153,31288,72363,7405,29873,44718,4612,565,104550,301,3216,1184,142,1663,18292,92764,1917,57.932
0610,2020,112330,58711,53619,107497,4833,100042,3220,2767,1131,337,33828,71621,6881,30301,44078,6139,1268,105100,299,2884,1523,32,2492,19072,93258,1917,58.597
0611,1991,NA,NA,NA,NA,NA,NA,NA,NA,NA,NA,NA,NA,NA,NA,NA,NA,NA,NA,NA,NA,NA,NA,NA,NA,NA,2214,NA
0611,2000,77685,40832,36853,73669,4016,44875,3526,21128,3873,267,28740,46764,2181,15271,31703,1712,259,49329,530,13270,3678,10468,410,NA,77685,2214,35.088
0611,2010,94105,51434,42671,86690,7415,52410,5860,23452,4620,348,29436,59467,5202,21135,39774,3387,373,59423,8676,13019,4396,2899,5692,12508,81597,2214,42.505
0611,2020,98137,52441,45696,91719,6418,54995,6904,25507,3838,475,26725,64346,7066,25455,40846,4287,1635,61072,1134,25279,3973,823,5856,33244,64893,2214,44.326
0701,1991,236270,117673,118597,234336,1934,97729,152,107675,27532,1248,76507,150879,8884,84423,90449,7705,1119,100299,7109,71189,24253,31567,1725,178393,57877,237.8,993.566
0701,2000,294051,148006,146045,279534,14517,130028,569,116722,30998,1217,83469,199011,11571,79523,120685,9078,1296,144231,8754,82333,27837,29823,1073,234210,59841,237.8,1236.548
0701,2010,362820,186500,176320,334153,28667,166802,1378,130057,34590,1326,83587,259936,19297,105584,158919,12590,2140,184205,8836,124145,34156,8880,2598,341640,21180,237.8,1525.736
0701,2020,422990,224706,198284,377594,45396,185267,1462,150640,37984,2241,85833,313013,24144,124415,179588,13810,4669,207103,12625,143930,39024,6994,13314,410825,12165,237.8,1778.764
0702,1991,224647,111791,112856,223480,1167,119835,175,79477,23296,697,74048,140640,9959,79656,84286,8677,1259,121868,3436,42686,20089,35264,727,116803,107844,267.74,839.049
0702,2000,243938,122366,121572,239368,4570,140910,407,75970,21532,549,74302,158076,11560,59365,100035,8947,1289,146037,3141,54911,19022,20227,600,138927,105011,267.74,911.1
0702,2010,288692,144553,144139,279296,9396,168920,807,86483,22371,715,77009,193840,17843,73761,123355,12609,1958,175833,3780,78000,20350,9425,1304,240965,47727,267.74,1078.255
0702,2020,339095,172448,166647,322729,16366,202213,1279,95615,22565,1057,74308,243401,21386,79850,149369,12492,4481,212750,5362,90860,23298,5775,1050,289232,49863,267.74,1266.509
0703,1991,84771,42142,42629,84194,577,31622,78,38612,13510,372,29815,51062,3894,29604,31829,3098,378,32704,1950,25909,11668,12174,364,39203,45568,242.27,349.903
0703,2000,117722,59690,58032,113872,3850,44592,118,46840,21996,326,37227,75265,5230,27379,48371,4276,469,48182,2642,35216,20047,11453,182,77330,40392,242.27,485.912
0703,2010,166685,85292,81393,158741,7944,65637,491,62410,29739,464,47406,110848,8431,39310,73248,5936,785,70438,3573,55890,28000,7746,1038,137853,28832,242.27,688.013
0703,2020,184007,92765,91242,172525,11482,76153,445,65314,30128,485,38367,137579,8061,36186,91742,5871,1947,79647,3606,60669,28873,3659,7553,164912,19095,242.27,759.512
0704,1991,395714,194420,201294,384759,10955,85265,578,256067,39878,2971,95658,276328,23728,147540,161439,16013,1935,94477,20142,186755,28922,53578,4491,395687,27,126.4,3130.649
0704,2000,416369,200860,215509,399800,16569,92962,1482,263206,39747,2403,89025,300086,27258,126258,181372,17158,2556,107888,25268,201179,31176,45649,5209,416369,NA,126.4,3294.059
0704,2010,510996,248919,262077,479319,31677,107243,2353,316172,51468,2083,95294,373080,42622,150007,243592,18552,3551,131025,27061,272607,39298,34186,6819,510996,NA,126.4,4042.69
0704,2020,556575,282432,274143,503633,52942,118349,3551,324943,51520,5270,99845,409301,47429,144389,246504,20780,10770,154898,39865,292135,42582,20320,6775,556575,NA,126.4,4403.283
0705,1991,122764,59989,62775,121536,1228,70897,163,41380,8614,482,37173,80439,5152,42617,48284,4351,728,72659,3642,29776,7010,8803,469,68190,54574,174.87,702.03
0705,2000,159129,78448,80681,153109,6020,94446,809,46759,10566,529,45987,106381,6761,39688,67617,5001,836,101390,4779,39473,8707,4019,761,112335,46794,174.87,909.985
0705,2010,197131,99446,97685,187044,10087,113976,970,59706,11737,655,49679,137198,10254,48111,91666,6454,1221,120371,34839,12710,10866,13999,4346,153104,44027,174.87,1127.3
0705,2020,237738,120203,117535,223393,14345,125879,1301,81850,13295,1068,51431,172256,14051,62987,111489,7293,2989,137789,13887,67214,12094,5277,1477,188834,48904,174.87,1359.513
0801,1991,154686,77486,77200,152916,1770,71748,12358,40354,24728,3728,62697,85391,6598,47254,57354,5743,571,77519,4476,22080,21185,23627,3957,43385,111301,2743.5099999999998,56.383
0801,2000,152201,76125,76076,148853,3348,75867,16298,33562,22631,495,53315,90888,7998,30839,61351,6146,550,80781,6335,24624,20054,16031,4376,60377,91824,2743.5099999999998,55.477
0801,2010,175318,90696,84622,168039,7279,93126,21627,30398,22475,413,46053,116313,12952,43775,76578,7876,1036,100417,8496,30346,20489,5256,10314,90374,84944,2743.5099999999998,63.903
0801,2020,200737,103651,97086,192411,8326,115754,24618,27206,23552,1281,44003,140353,16381,65828,73953,9319,2105,125572,11869,26823,19630,4443,12400,111630,89107,2743.5099999999998,73.168
0802,1991,168331,83885,84446,167061,1270,71361,555,66669,26070,2406,65853,95394,7084,50912,65468,5682,590,75125,9572,34693,23990,22504,1945,88271,80060,1126.44,149.436
0802,2000,191132,97066,94066,187415,3717,95878,1064,62830,27293,350,67784,114363,8985,36842,79286,6620,600,99826,9997,43935,25615,10733,1026,132892,58240,1126.44,169.678
0802,2010,227071,118551,108520,219349,7722,119811,3444,66112,29486,496,66624,146711,13736,45962,105599,7946,940,126343,11484,56357,28527,2715,1645,181232,45839,1126.44,201.583
0802,2020,246977,133068,113909,229612,17365,130687,2830,65855,29417,823,61023,168675,17279,59830,106804,9000,2994,138851,10447,55177,28322,5821,8359,196912,50065,1126.44,219.254
0803,1991,627899,308511,319388,624096,3803,196842,7251,325927,89104,4972,206009,389497,32393,217593,245236,24597,2373,206425,28272,220650,67768,91740,9546,527151,100748,1971.5900000000001,318.473
0803,2000,703493,350390,353103,689349,14144,250424,8391,327962,100966,1606,202714,459793,40986,171491,298914,27210,3164,267195,31452,255968,80705,62468,5705,604667,98826,1971.5900000000001,356.815
0803,2010,845777,421121,424656,821449,24328,324447,11623,368298,115211,1870,199316,578343,68118,201058,408618,32279,4506,340854,59369,297510,99292,34640,14112,798186,47591,1971.5900000000001,428.982
0803,2020,987499,511365,476134,933375,54124,424905,15702,368615,120235,3918,225664,667708,94127,251746,413797,43347,15034,444893,40442,343330,100321,13334,45179,935799,51700,1971.5900000000001,500.864
0804,1991,148720,72770,75950,148028,692,93828,191,31477,14683,7849,56388,84799,7533,49047,54630,6739,978,102737,1540,16901,13002,14366,142,33489,115231,938.08,158.537
0804,2000,152911,76025,76886,151012,1899,108850,71,28899,12936,256,51390,91957,9564,33486,59793,7293,949,110888,1358,19743,11614,9245,63,40551,112360,938.08,163.004
0804,2010,176975,88477,88498,173989,2986,129968,236,29808,13701,276,53674,110705,12596,40977,73139,8514,671,132639,1185,28379,12755,1702,315,58650,118325,938.08,188.657
0804,2020,166352,85680,80672,160713,5639,124042,423,25322,10246,680,38014,113367,14971,46688,68806,8891,1729,127804,1096,24271,9738,1149,2294,56159,110193,938.08,177.332
0805,1991,146684,71969,74715,146148,536,78958,4255,41234,20891,810,55908,82287,8489,47706,54505,7162,654,82577,1493,23091,18640,19157,1690,65483,81201,2561.51,57.265
0805,2000,144418,71352,73066,142641,1777,82008,5952,34611,19861,209,49350,84736,10332,29392,57725,7344,607,87495,1267,25210,18240,11357,849,65033,79385,2561.51,56.38
0805,2010,155592,77524,78068,152446,3146,89678,8195,33824,20490,259,42859,97401,15332,34607,68660,8780,686,96917,1198,33310,19237,2056,2874,92962,62630,2561.51,60.742
0805,2020,176060,89337,86723,171168,4892,103472,10336,33941,22979,440,44057,116239,15764,46987,70440,9324,1829,113144,1478,33832,21472,890,5244,122928,53132,2561.51,68.733
0806,1991,271882,134840,137042,270690,1192,155900,508,79748,32394,2140,102332,156702,12848,86594,102750,10948,1648,159533,5479,51195,26859,26400,920,186705,85177,2114.73,128.566
0806,2000,273641,136956,136685,270620,3021,168978,864,68955,31307,516,91984,165673,15984,58182,110312,11678,1485,173097,5142,53188,26844,14889,481,199296,74345,2114.73,129.398
0806,2010,326476,164526,161950,319446,7030,198285,2068,83088,35325,680,92433,208304,25739,74102,143283,15205,1453,203049,4705,81247,32416,3821,1238,245015,81461,2114.73,154.382
0806,2020,304023,157175,146848,291892,12131,199194,1710,62988,27062,938,74640,199704,29679,73656,127533,16865,4713,205121,4512,59747,24866,2864,6913,201368,102655,2114.73,143.764
0807,1991,202059,100349,101710,199749,2310,78697,1161,57369,41504,21018,78178,114139,9742,64611,75625,8938,771,102999,3449,39381,38008,17241,664,62329,139730,1795.9,112.511
0807,2000,190868,96302,94566,185483,5385,97822,1419,51234,34689,319,64621,114581,11666,38896,77425,9244,682,103257,3657,41569,32142,9973,270,60716,130152,1795.9,106.28
0807,2010,202593,103216,99377,192801,9792,101304,1892,54285,34919,401,54909,131293,16391,45936,89619,11223,906,108757,4290,51280,33283,3335,1648,107615,94978,1795.9,112.809
0807,2020,224744,121792,102952,202352,22392,112744,2800,51851,34098,859,43470,160357,20917,68260,88733,12072,3001,123443,3356,51018,34763,1523,10641,126315,98429,1795.9,125.143
0808,1991,81636,41866,39770,81104,532,57680,6149,12251,2905,2119,34938,43401,3297,22502,30948,2885,351,60264,473,10463,2601,5198,2535,NA,81636,6612.9,12.345
0808,2000,82551,41778,40773,80939,1612,59546,8464,9649,1888,1392,33616,44768,4167,13421,32055,3093,366,64273,844,8343,1727,3162,4202,NA,82551,6612.9,12.483
0808,2010,89926,46567,43359,87796,2130,65102,11271,8430,1626,1367,29218,54751,5957,18717,37829,3830,332,71608,6593,4066,1506,2926,3227,NA,89926,6612.9,13.599
0808,2020,95076,49407,45669,92456,2620,69109,13070,6949,1746,1582,26778,61038,7260,23109,37990,4306,772,76536,1499,7920,1374,909,6838,14370,80706,6612.9,14.377
0809,1991,75574,37281,38293,75280,294,66523,1466,1700,2975,2616,30114,40559,4901,22760,28122,4005,498,69745,173,876,2626,1628,523,NA,75574,1281.67,58.965
0809,2000,82153,40518,41635,80871,1282,75841,1889,1270,1760,111,29057,47094,6002,17985,29997,4630,484,77325,272,931,1676,1656,293,NA,82153,1281.67,64.098
0809,2010,99854,49598,50256,96318,3536,90979,2521,1274,1398,146,27524,64951,7379,31594,35239,5043,454,94173,1528,145,1429,102,2477,20817,79037,1281.67,77.909
0809,2020,94573,48763,45810,90858,3715,84857,3399,900,1474,228,20974,66681,6918,32245,35253,4292,844,88669,887,793,1352,336,2536,31642,62931,1281.67,73.789
0901,1991,183824,91579,92245,181882,1942,151682,539,21478,3311,4872,66498,108001,9325,52004,76321,6379,2075,154098,1041,19323,2406,6582,185,48838,134986,819,224.449
0901,2000,198288,97929,100359,195683,2605,168373,562,19308,2505,4935,67403,119112,11773,37043,84447,7698,1697,170950,1017,21258,1919,2995,149,66968,131320,819,242.11
0901,2010,225630,111199,114431,220110,5520,193641,943,17522,2675,5329,56935,152255,16440,61482,94703,10690,1820,198275,1345,22386,1889,741,994,115845,109785,819,275.495
0901,2020,284885,142345,142540,278455,6430,245404,1851,20480,5124,5596,58271,204228,22386,87840,116880,14652,3993,250129,1670,26199,3619,525,2743,153297,131588,819,347.845
1001,1991,352649,179076,173573,333569,19080,191915,2376,83819,46796,8663,122882,221368,8399,116222,136908,8347,1945,220128,10599,37938,62105,17975,3847,315515,37134,652.7,540.293
1001,2000,537525,273460,264065,511356,26169,296977,3559,132812,67904,10104,170260,354568,12697,131175,222203,11556,2331,333508,16144,57801,111113,15499,3460,532323,5202,652.7,823.541
1001,2010,668694,343855,324839,617637,51057,382774,5198,145236,74968,9461,170876,473907,23911,172120,305178,16145,4375,432452,17853,137128,66671,6378,8212,663842,4852,652.7,1024.504
1001,2020,942400,491788,450612,875430,66970,555968,9342,200496,95503,14121,216473,664780,61147,184118,379103,10069,13293,627052,38928,172400,89997,8261,5762,937001,5399,652.7,1443.849
1002,1991,406994,208014,198980,400448,6546,151878,675,148007,80748,19140,140479,254179,12336,144790,151848,11771,1259,177610,15454,69897,113166,28338,2129,368379,38615,631.58,644.406
1002,2000,643436,334713,308723,611176,32260,281362,5928,197418,122189,4279,195100,431202,17134,168586,262140,15530,2080,321123,23203,109144,172068,15109,2789,626699,16737,631.58,1018.772
1002,2010,842146,447274,394872,767140,75006,369059,12269,219945,161807,4060,219164,593213,29769,206146,390757,21633,4446,421718,29111,204538,156310,12372,18097,826433,15713,631.58,1333.396
1002,2020,1088942,590733,498209,990696,98246,525673,16240,251530,189552,7701,231217,780448,77277,254677,473204,16665,15275,606824,41352,232623,184432,18048,5663,1084568,4374,631.58,1724.155
1003,1991,130090,65448,64642,128440,1650,45847,2657,35226,21610,23100,50197,75115,4778,42732,48153,4129,319,70985,1399,20011,25616,10689,1321,37410,92680,855.35,152.09
1003,2000,192176,98672,93504,187383,4793,105028,4478,45654,31474,749,66688,118563,6925,43121,76102,5775,490,110854,2201,29778,36143,11873,1327,85953,106223,855.35,224.675
1003,2010,220214,115013,105201,209755,10459,132053,5571,38095,33165,871,65739,144694,9781,52738,93532,7068,1137,141897,2546,38014,32024,1844,3889,102248,117966,855.35,257.455
1003,2020,307449,161360,146089,290781,16668,195949,9062,53101,31624,1045,72490,215123,19836,68370,136348,5704,3142,210834,5316,47634,31983,7595,4087,266753,40696,855.35,359.442
1004,1991,123052,62184,60868,121207,1845,52482,118,22069,23079,23459,49452,68529,5071,39021,44986,4572,477,78190,1519,21100,17967,3991,190,16283,106769,1186.52,103.708
1004,2000,161168,82077,79091,157481,3687,104095,230,22859,29694,603,55848,98567,6753,35853,63374,5577,516,108859,1655,27650,17312,5530,162,61175,99993,1186.52,135.833
1004,2010,205257,104469,100788,195614,9643,146113,441,18537,30135,388,61815,134400,9042,51456,83701,7372,913,154010,1982,17952,29775,877,661,123072,82185,1186.52,172.991
1004,2020,281711,144073,137638,268540,13171,218133,1714,21706,26146,841,68022,196510,17179,65392,120567,6831,2950,229543,2960,20938,25844,896,1530,217665,64046,1186.52,237.426
1005,1991,633165,318111,315054,615812,17353,275903,2566,224581,103706,9056,186296,430720,16149,244516,237977,14059,2849,299833,45827,85987,160828,30070,9785,588436,44729,486.99,1300.16
1005,2000,1184180,597312,586868,1126644,57536,540757,10773,405710,157254,12150,323724,832561,27895,357873,474580,22732,5271,605991,87063,131305,324774,19690,15357,1184180,NA,486.99,2431.631
1005,2010,1765495,904094,861401,1617004,148491,830125,20105,564253,189378,13143,397892,1303979,63624,494237,826909,35214,11243,944710,107937,499287,170005,15866,27690,1765495,NA,486.99,3625.321
1005,2020,2298130,1221520,1076610,2087298,210832,1073161,23765,762735,211756,15881,495027,1638187,164916,568734,1000189,31487,31736,1227247,175618,625077,222562,26215,21411,2298130,NA,486.99,4719.05
1006,1991,99824,50066,49758,99078,746,49820,110,23051,4314,21783,38885,56383,4556,31110,37778,4121,403,72642,358,3859,19041,3641,198,26881,72943,1004.33,99.394
1006,2000,113245,56792,56453,111912,1333,81454,103,25528,4662,165,41752,65116,6377,20488,45671,4942,392,83044,259,4397,21039,4443,63,49758,63487,1004.33,112.757
1006,2010,103709,52444,51265,101129,2580,76852,89,20072,3976,140,29887,65883,7939,24379,42970,5955,518,79447,355,19193,3603,987,124,33103,70606,1004.33,103.262
1006,2020,107057,55806,51251,102784,4273,78142,579,19824,3987,252,25964,73777,7316,29386,44191,4573,1605,81410,663,18579,3941,2080,384,43251,63806,1004.33,106.595
1007,1991,54671,27961,26710,53672,999,21128,2310,10820,14346,5068,20381,32501,1789,17726,20624,1699,187,27376,1046,13507,7250,3391,2047,NA,54671,551.55,99.122
1007,2000,108640,57351,51289,101567,7073,62687,3178,15043,19587,1072,34419,71475,2746,29639,41963,2322,297,71840,1862,18566,12474,2772,1126,37162,71478,551.55,196.972
1007,2010,207354,111274,96080,187413,19941,124449,3757,30328,27796,1083,59225,142847,5282,50960,92151,4101,917,140255,5712,28313,26809,1825,4440,131098,76256,551.55,375.948
1007,2020,325244,174576,150668,293203,32041,195411,6272,58160,30468,2892,74929,231023,19292,76517,143029,4735,3843,221158,10544,52919,31214,4612,4797,309147,16097,551.55,589.691
1008,1991,413900,210969,202931,394713,19187,195229,1771,143381,44639,9693,137661,266074,10165,140528,160312,10251,2174,225024,13270,36472,104317,30240,4459,361684,52216,832.94,496.915
1008,2000,864451,439976,424475,825658,38793,430954,7375,285612,91209,10508,268229,577984,18238,221749,352990,17445,4038,482926,31498,75397,247316,19277,8037,840364,24087,832.94,1037.831
1008,2010,1138198,586861,551337,1050753,87445,565618,10973,351048,111786,11328,277251,824848,36099,300571,527171,25772,7433,643857,37671,334653,102083,7941,11993,1114508,23690,832.94,1366.483
1008,2020,1400461,741574,658887,1289287,111174,795318,17122,362293,106092,8462,307221,993244,99996,369614,598149,17087,16803,889562,64196,317630,101610,18939,8524,1367615,32846,832.94,1681.347
1009,1991,82814,41329,41485,81671,1143,37458,1941,21085,20103,1084,32875,46592,3347,25700,31554,2726,330,39951,1128,18671,11980,8914,2096,11972,70842,1748.95,47.351
1009,2000,147996,76074,71922,143864,4132,77067,5520,31281,28718,1278,51053,91405,5538,31850,60831,3818,444,88531,2558,24006,20996,7840,4065,61698,86298,1748.95,84.62
1009,2010,194387,100525,93862,186250,8137,127783,2928,23176,31580,783,60814,125739,7834,44790,81869,5665,1249,135189,2848,22598,30587,1447,1718,122501,71886,1748.95,111.145
1009,2020,243029,129325,113704,232416,10613,168458,5571,26336,30889,1162,58221,169152,15656,58483,104696,5050,3038,180094,4505,24754,29507,1241,2928,178389,64640,1748.95,138.957
1101,1991,107900,53612,54288,105831,2069,103718,152,1480,118,363,47893,55349,4658,32766,36235,3370,1367,105961,49,1447,38,183,11,NA,107900,1233.67,87.463
1101,2000,120199,60355,59844,118280,1919,116597,59,1263,65,296,52409,62295,5495,21700,40817,4030,1243,118668,33,1411,25,48,14,11930,108269,1233.67,97.432
1101,2010,136563,69152,67411,134519,2044,132173,115,1727,180,324,48072,81398,7093,33157,49164,5419,751,134304,145,1882,143,65,24,28701,107862,1233.67,110.697
1101,2020,154168,78422,75746,151061,3107,148772,414,1300,97,478,46406,98550,9212,39896,59124,7211,1450,152217,236,1544,139,16,16,61426,92742,1233.67,124.967
1102,1991,102897,51993,50904,101136,1761,97135,116,3158,262,465,46503,53635,2759,31745,34486,2222,875,99239,220,2716,136,190,134,41282,61615,2735.04,37.622
1102,2000,128709,67149,61560,125724,2985,120495,864,3577,319,469,50659,74733,3317,29475,44744,3085,746,124083,769,3349,292,130,86,68708,60001,2735.04,47.059
1102,2010,149851,76750,73101,147318,2533,143180,87,3446,300,305,49191,94941,5719,40875,54803,4324,658,145932,196,3248,230,166,79,104240,45611,2735.04,54.789
1102,2020,158130,81270,76860,155158,2972,150758,623,3337,131,309,45724,105241,7165,43872,61791,5260,1254,154244,456,3067,194,84,85,111788,46342,2735.04,57.816
1103,1991,111901,60546,51355,105676,6225,95925,737,7154,1228,632,45919,63057,2925,34397,40585,2448,910,101387,1213,6246,980,1500,214,56729,55172,2535.6,44.132
1103,2000,137070,72133,64937,131726,5344,123563,1083,5900,680,500,54162,79532,3376,27995,51032,3043,838,129762,810,5155,714,401,228,81496,55574,2535.6,54.058
1103,2010,166750,87768,78982,161959,4791,153472,699,6800,729,259,56904,104264,5582,37476,66993,4444,933,158408,486,6613,762,175,306,109454,57296,2535.6,65.764
1103,2020,215582,113009,102573,208231,7351,197941,1378,7840,749,323,69793,139178,6611,47931,90467,5350,1634,205706,631,8031,937,66,211,140711,74871,2535.6,85.022
1104,1991,274489,136758,137731,268042,6447,254657,327,11728,864,466,112191,151114,11184,90314,92021,8944,2601,256152,2850,13033,776,455,432,228119,46370,607.73,451.663
1104,2000,298304,148835,149469,296852,1452,284243,223,11381,649,356,116167,169465,12672,67295,102327,10269,2246,286153,785,10034,432,653,247,255518,42786,607.73,490.85
1104,2010,337553,168852,168701,333227,4326,319813,643,11617,867,287,100274,219257,18022,98391,123660,13355,1873,324363,1105,11057,613,197,218,315605,21948,607.73,555.433
1104,2020,375423,188340,187083,369231,6192,357162,1540,8970,1048,511,97692,253239,24492,113673,143328,16750,3376,363576,1172,8680,1325,167,503,346136,29287,607.73,617.746
1105,1991,69637,34526,35111,68981,656,66881,55,1828,125,92,30383,36259,2995,21546,23665,2011,956,67334,146,1670,88,128,67,14522,55115,666.54,104.475
1105,2000,83284,42326,40958,82737,547,81124,18,1410,65,120,34620,45320,3344,16223,29034,2662,745,81776,52,1299,61,81,15,17307,65977,666.54,124.95
1105,2010,95283,48963,46320,93851,1432,91699,36,1834,163,119,30923,59219,5141,23534,36610,3646,570,93147,215,1659,172,37,53,42092,53191,666.54,142.952
1105,2020,116605,59428,57177,115060,1545,112984,307,1506,40,223,33978,76014,6613,29726,46861,4796,1096,114807,312,1259,79,61,87,64268,52337,666.54,174.941
1106,1991,56986,28509,28477,56027,959,55173,153,559,62,80,24812,29558,2616,16020,20475,1900,765,56189,34,517,34,160,23,NA,56986,3874.63,14.707
1106,2000,62322,31505,30817,61569,753,60881,259,346,19,64,25001,33959,3362,11950,22515,2250,606,61946,22,291,22,30,11,NA,62322,3874.63,16.085
1106,2010,70800,36446,34354,68717,2083,67942,335,310,95,35,21951,43982,4867,18113,27022,3246,468,69638,44,541,523,8,46,NA,70800,3874.63,18.273
1106,2020,69881,37051,32830,65984,3897,64736,834,148,12,254,18072,46344,5465,19209,28009,3486,801,68776,67,725,79,4,230,13653,56228,3874.63,18.036
1107,1991,42434,21573,20861,41387,1047,41083,29,182,6,87,19395,21182,1857,11914,14947,1129,615,42207,16,182,3,11,1,NA,42434,1304.36,32.532
1107,2000,50346,25658,24688,49210,1136,48974,6,130,8,92,22081,26094,2171,8999,17283,1528,455,50203,12,54,8,68,1,NA,50346,1304.36,38.598
1107,2010,54563,27648,26915,53470,1093,53287,29,123,10,21,19205,32386,2972,12980,19814,2207,357,54398,15,132,18,NA,NA,NA,54563,1304.36,41.831
1107,2020,59651,30345,29306,58313,1338,58001,129,65,23,95,17442,38513,3696,16044,22852,2770,499,59438,54,76,50,23,10,NA,59651,1304.36,45.732
1201,1991,244728,130312,114416,152695,92033,11516,47298,35097,1278,57506,94468,146793,3467,77382,90089,4556,2286,187399,26757,23099,528,4361,1188,124943,119785,6125.35,39.953
1201,2000,305080,157302,147778,211873,93207,64475,68528,36687,1097,41086,117186,182439,5455,64162,116502,5323,1907,244228,32677,24959,307,2118,791,213745,91335,6125.35,49.806
1201,2010,397673,203920,193753,232944,164729,11683,174214,40061,833,6153,129622,257892,10159,89376,166263,9208,3204,325222,41437,29070,303,247,1394,257414,140259,6125.35,64.922
1201,2020,420810,220843,199967,281077,139733,27569,205220,37224,633,10431,95039,303238,22533,98820,164502,9843,4652,356574,31847,30014,397,243,1735,288748,132062,6125.35,68.7
1202,1991,118096,64777,53319,63735,54361,4710,36641,8080,585,13719,45115,71766,1215,36640,43793,2229,894,94591,16179,4910,223,1400,574,44614,73482,7443.66,15.865
1202,2000,156297,82287,74010,102829,53468,24374,60481,9887,737,7350,63651,90449,2197,31773,57693,2333,847,127755,20379,6971,219,535,438,74665,81632,7443.66,20.997
1202,2010,199830,102660,97170,125453,74377,8254,101156,12078,459,3506,71783,124518,3529,46920,76268,3666,1193,162480,24419,8095,150,221,4465,107908,91922,7443.66,26.846
1202,2020,229138,121815,107323,146081,83057,10528,120435,10108,394,4616,55982,161864,11292,56690,88842,4795,2105,202382,18379,7471,202,161,543,97405,131733,7443.66,30.783
1203,1991,91828,47214,44614,54835,36993,1657,47886,1149,210,3933,39402,50743,1683,26885,32988,2662,837,87799,2161,692,55,294,760,28246,63582,1144.78,80.215
1203,2000,108526,54743,53783,75448,33078,3461,68338,1018,231,2400,47489,58626,2411,19017,38903,2519,598,105001,1945,603,14,106,857,43469,65057,1144.78,94.801
1203,2010,133164,66847,66317,92996,40168,2521,88111,1060,74,1230,54273,75404,3487,30389,44393,3193,916,129138,2230,366,16,159,1255,59161,74003,1144.78,116.323
1203,2020,166587,85401,81186,102740,63847,3524,97170,1007,79,960,43260,116058,7269,38380,58008,4549,1924,161797,2084,663,86,74,1883,83337,83250,1144.78,145.519
1204,1991,222817,114241,108576,155384,67433,14922,64145,45637,1070,29610,89396,128909,4512,70360,80439,4806,1771,160585,22539,31314,450,6049,1465,156675,66142,2266.25,98.32
1204,2000,348930,178393,170537,246135,102795,53337,109203,61172,1199,21224,132851,208404,7675,76174,131231,6437,2237,262151,37110,45157,463,2433,1616,276791,72139,2266.25,153.968
1204,2010,396290,208560,187730,251450,144840,22244,156277,63201,974,8754,110844,275157,10289,119711,155024,8493,2218,302829,40384,49958,480,672,1967,324195,72095,2266.25,174.866
1204,2020,439050,226049,213001,298024,141026,41798,197211,52863,818,5334,104481,309403,25166,127401,155524,9111,4939,353165,39280,42897,416,832,2460,334374,104676,2266.25,193.734
1205,1991,59072,34817,24255,26977,32095,664,19953,850,163,5347,20329,38232,511,18469,23397,1080,613,45451,12851,390,93,211,76,NA,59072,6604.5,8.944
1205,2000,88697,51801,36896,23841,64856,2830,15174,413,135,5289,29995,58172,530,20974,35982,1038,708,78806,8681,151,93,44,922,NA,88697,6604.5,13.43
1205,2010,146987,82839,64148,31603,115384,1265,26617,498,132,3091,39711,106064,1212,41974,62596,1468,1238,132356,12435,250,106,1006,834,15499,131488,6604.5,22.256
1205,2020,143112,79600,63512,42758,100354,3021,36235,316,91,3095,25878,112732,4502,34294,58551,1984,1148,131304,11525,109,127,12,35,18642,124470,6604.5,21.669
1206,1991,54539,29497,25042,37284,17255,1118,31809,883,183,3291,22914,31016,609,15476,20599,1113,353,32485,18594,512,134,138,2632,NA,54539,7708.61,7.075
1206,2000,75586,40762,34824,49323,26263,2384,43351,784,155,2649,29334,44857,1395,15859,28543,1416,434,46393,24849,313,67,148,3816,NA,75586,7708.61,9.805
1206,2010,104484,58437,46047,59239,45245,2272,54969,875,90,1033,35759,66717,2008,22895,43861,1487,482,71578,30325,467,40,17,2057,NA,104484,7708.61,13.554
1206,2020,106366,57667,48699,61556,44810,2478,57490,394,128,1066,25394,75879,5093,22582,44396,1674,742,79402,26138,194,191,7,434,NA,106366,7708.61,13.798
1207,1991,209175,106837,102338,172080,37095,19509,79186,57864,1690,13831,75582,129502,4091,72190,75731,3987,1414,105379,61129,31788,650,2527,5969,160184,48991,350.7,596.45
1207,2000,355435,179495,175940,303596,51839,48193,161208,82837,2287,9071,123071,225077,7287,90136,134409,5489,2330,197744,107106,42523,823,2713,4526,306920,48515,350.7,1013.502
1207,2010,452058,229929,222129,341502,110556,35835,204549,93429,2207,5482,127286,313903,10869,138707,177059,6332,2674,266881,125106,53345,1035,867,4824,414388,37670,350.7,1289.016
1207,2020,500421,256739,243682,413799,86622,56829,273545,77306,2022,4097,131606,336891,31924,131466,213365,8525,5729,304838,148336,41865,1482,928,2972,470204,30217,350.7,1426.92
1208,1991,49358,25594,23764,45183,4175,676,42499,1058,77,873,22386,25903,1069,14951,17121,959,226,22199,24627,902,18,347,1107,12791,36567,3607.87,13.681
1208,2000,70685,36351,34334,65574,5111,1347,62848,846,43,490,30296,38364,2025,13754,24984,1391,260,31306,37796,802,14,372,395,15629,55056,3607.87,19.592
1208,2010,94092,48341,45751,88435,5657,960,85175,1521,59,720,36834,53539,3719,23685,31309,1943,321,41426,50636,839,18,87,1086,20001,74091,3607.87,26.08
1208,2020,85077,44006,41071,79650,5427,7039,71638,751,36,186,26922,52079,6076,25096,33680,1734,538,38567,45666,717,72,17,38,21262,63815,3607.87,23.581
1209,1991,58259,28744,29515,57343,916,1319,54468,703,179,674,25062,31278,1919,17509,20391,1908,617,32335,22653,958,168,332,1811,NA,58259,1385.65,42.045
1209,2000,72357,35580,36777,70812,1545,2330,66893,906,136,547,29160,39797,3400,14447,25891,2236,623,42512,27431,918,32,244,1220,10096,62261,1385.65,52.219
1209,2010,91272,46707,44565,85405,5867,1369,82386,1171,72,407,30844,55356,5072,23470,33729,2700,529,54776,34885,1085,16,123,387,18096,73176,1385.65,65.869
1209,2020,107243,53945,53298,103170,4073,1839,99070,1804,78,379,32148,68720,6375,28690,42292,3159,1064,69752,36700,454,137,17,183,22395,84848,1385.65,77.395
1210,1991,63995,32500,31495,60752,3243,1822,53360,3865,188,1517,26495,35260,2240,20766,22086,2040,497,28866,29985,2814,52,669,1600,NA,63995,1165.5,54.908
1210,2000,81215,40949,40266,76824,4391,3541,67649,3978,341,1315,30353,47487,3375,18100,29840,2401,521,39276,37835,2899,55,425,725,NA,81215,1165.5,69.683
1210,2010,102411,51989,50422,97243,5168,4309,86959,4418,177,1380,31586,66494,4331,26568,40278,3048,931,55340,40095,2523,66,107,4280,42141,60270,1165.5,87.869
1210,2020,135665,68892,66773,128188,7477,11512,112571,3035,159,911,41546,86121,7998,33665,55985,4108,1717,84285,49119,2030,118,58,55,60761,74904,1165.5,116.401
1211,1991,86941,44714,42227,76367,10574,10389,46018,14129,816,5015,32983,52049,1909,27890,32438,1735,760,34409,39839,8784,307,1600,1958,NA,86941,465.15000000000003,186.91
1211,2000,131072,66253,64819,114392,16680,19152,67156,23517,886,3681,46696,81387,2989,29874,51209,2323,970,54680,59084,14072,221,1322,1693,118417,12655,465.15000000000003,281.784
1211,2010,176667,90373,86294,152501,24166,17955,99457,30233,943,3913,49694,121943,5030,45037,77178,3248,1510,72171,74412,18407,349,487,10841,166722,9945,465.15000000000003,379.807
1211,2020,230985,121398,109587,207332,23653,23924,142796,37059,811,2742,279849,150188,14498,63326,101767,4559,3264,108442,95205,25187,370,712,1069,216400,14585,465.15000000000003,496.582
1212,1991,59473,30420,29053,54585,4888,15001,30447,4886,500,3751,24340,32928,2205,19799,20863,1785,393,36732,17416,3106,101,806,1296,NA,59473,1243.2,47.839
1212,2000,88626,45187,43439,79413,9213,24454,45520,5314,417,3708,32828,52380,3418,19960,32828,2387,623,57952,25796,3596,82,540,660,27692,60934,1243.2,71.289
1212,2010,124420,65240,59180,103315,21105,33033,62686,6382,210,1004,34895,85594,3931,39808,46207,2817,693,84350,30492,4066,31,523,4958,62544,61876,1243.2,100.08
1212,2020,150667,78791,71876,138188,12479,20435,111130,5543,160,920,51488,92171,7008,49266,58239,3282,1439,105614,40381,4330,89,117,136,85964,64703,1243.2,121.193
1213,1991,56047,28960,27087,53672,2375,1592,42939,6323,135,2683,25572,28954,1521,16407,19801,1392,307,26675,24288,2234,38,1077,1645,21918,34129,1287.23,43.541
1213,2000,70276,35769,34507,66554,3722,2650,56166,5833,139,1766,29206,38829,2241,13505,25714,1507,344,36352,29734,2036,31,880,1243,27370,42906,1287.23,54.595
1213,2010,83140,42054,41086,74780,8360,2489,66943,4928,65,355,31791,47809,3540,16580,31820,2453,496,45185,33725,1522,19,107,2582,31705,51435,1287.23,64.588
1213,2020,86410,43921,42489,78373,8037,4874,68513,4701,39,246,23857,56945,5608,21373,32606,2332,894,50087,32042,3605,93,160,423,36915,49495,1287.23,67.129
1214,1991,42747,22091,20656,40963,1784,1017,37096,1349,107,1394,19894,22046,807,11993,15134,962,374,12018,21011,1041,14,1458,7181,NA,42747,1916.6,22.304
1214,2000,58862,29882,28980,56854,2008,2075,52547,1634,64,534,26075,31118,1669,10100,21092,1207,388,17510,31890,1114,14,1071,7263,NA,58862,1916.6,30.712
1214,2010,66374,33958,32416,64488,1886,1268,60897,1742,69,512,24932,39036,2406,13293,25862,1731,556,20727,41633,907,7,456,2644,12860,53514,1916.6,34.631
1214,2020,69528,35733,33795,66697,2831,968,63919,1443,44,323,21687,43161,4680,14648,28731,2257,1030,27363,40559,670,95,91,750,15218,54310,1916.6,36.277
1215,1991,24240,12564,11676,23316,924,291,22084,268,16,657,11192,12579,469,6586,8848,634,174,10524,9285,103,5,87,4230,NA,24240,1419.32,17.079
1215,2000,32408,16788,15620,30262,2146,842,28573,260,46,541,13575,17944,889,5885,11987,728,233,16230,13774,33,NA,1106,1265,NA,32408,1419.32,22.833
1215,2010,37808,19072,18736,36551,1257,662,35272,339,27,251,13683,22284,1841,6676,15806,1390,253,18626,18063,103,NA,394,622,NA,37808,1419.32,26.638
1215,2020,36660,18926,17734,34802,1858,462,33910,280,16,134,10616,23526,2518,8748,14517,1332,487,21984,13765,115,110,148,538,NA,36660,1419.32,25.829
1216,1991,48742,25038,23704,45360,3382,10244,27678,3544,444,3450,20040,27119,1583,16003,17394,1224,294,36450,7188,2969,63,902,1127,NA,48742,1735.3,28.089
1216,2000,62200,31727,30473,58859,3341,16151,36479,3750,367,2112,23194,36495,2511,13561,23608,1530,307,47651,10301,3128,50,694,376,12604,49596,1735.3,35.844
1216,2010,64350,32754,31596,60402,3948,13425,41840,3671,138,1328,19863,41057,3430,14786,27277,2113,311,49409,10673,2808,35,112,1313,13270,51080,1735.3,37.083
1216,2020,75716,38757,36959,69713,6003,4459,60409,4196,114,535,25429,46036,4251,19666,32552,2403,681,60739,10464,4070,165,68,210,17927,57789,1735.3,43.633
1217,1991,14271,7300,6971,13830,441,2550,10824,200,19,237,6174,7501,596,4485,5126,509,75,8452,3129,1352,10,1030,291,NA,14271,453.25,31.486
1217,2000,16558,8490,8068,15994,564,3267,12215,258,49,205,6095,9596,867,3416,6459,496,92,10219,4281,1268,6,586,198,NA,16558,453.25,36.532
1217,2010,18958,9612,9346,18074,884,4013,13615,269,61,116,5020,12635,1303,5333,7734,743,128,12276,5188,1259,12,82,141,NA,18958,453.25,41.827
1217,2020,23710,11863,11847,22637,1073,5136,17051,266,15,169,8202,14286,1222,5599,10103,733,253,15256,7937,492,6,9,10,NA,23710,453.25,52.311
1218,1991,24349,13199,11150,20600,3749,3332,13743,1302,138,2085,9515,14331,503,7210,9329,476,131,14724,8244,1076,120,75,69,NA,24349,2732.45,8.911
1218,2000,29256,15075,14181,26117,3139,4605,19176,1054,71,1211,12026,16450,780,5545,11034,516,135,17132,11237,751,19,82,35,NA,29256,2732.45,10.707
1218,2010,34862,17550,17312,31144,3718,5534,22944,1225,57,1384,10635,22961,1266,9699,13459,775,294,21321,12278,958,49,29,227,14858,20004,2732.45,12.759
1218,2020,37828,19671,18157,33729,4099,7061,25890,569,44,165,12347,23381,2100,8832,15984,811,342,26785,10543,442,18,3,37,16524,21304,2732.45,13.844
1219,1991,37954,19815,18139,34228,3726,1367,25990,4304,172,2395,16100,20745,1109,11760,13646,887,198,9537,24039,2085,43,813,1376,NA,37954,2408.7,15.757
1219,2000,46106,23580,22526,42487,3619,3285,34376,4143,138,545,18800,25547,1759,8489,17523,1055,239,10610,31747,2600,47,342,760,NA,46106,2408.7,19.141
1219,2010,55553,28590,26963,51106,4447,2080,43756,4686,38,546,17886,34809,2858,10195,25422,1830,220,14713,37484,3067,25,14,250,NA,55553,2408.7,23.063
1219,2020,51328,26375,24953,48881,2447,3648,43238,1749,23,223,15857,32081,3390,14117,20355,1224,394,13678,36144,1410,20,25,51,NA,51328,2408.7,21.309
1220,1991,19999,11754,8245,14742,5257,126,13143,660,12,801,7644,12005,350,5184,8379,356,104,5206,13956,486,9,106,225,NA,19999,6089.09,3.284
1220,2000,23944,12780,11164,20659,3285,201,19969,285,5,199,11058,12293,593,3729,8709,333,115,4354,18177,201,2,1107,103,NA,23944,6089.09,3.932
1220,2010,31807,16579,15228,27291,4516,253,26458,283,7,290,12508,18445,854,5147,13542,511,99,7623,21738,186,6,1,2253,NA,31807,6089.09,5.224
1220,2020,28349,15078,13271,27175,1174,105,26951,70,3,46,8857,17963,1529,9187,10557,428,162,7471,20768,22,76,NA,12,NA,28349,6089.09,4.656
1221,1991,88456,47086,41370,69375,19081,2043,55779,6906,230,4417,36928,49994,1534,27191,31397,1584,515,31155,46682,4940,72,1519,3917,15966,72490,3532.76,25.039
1221,2000,145984,75087,70897,108107,37877,6325,89320,8815,288,3359,60911,82319,2754,29005,53264,2075,729,60181,76886,6565,100,665,1587,43897,102087,3532.76,41.323
1221,2010,173103,89227,83876,134234,38869,4485,115545,10661,374,3169,61883,107046,4174,41165,66218,2958,879,69460,94701,7416,109,85,1332,80010,93093,3532.76,48.999
1221,2020,150927,77952,72975,132862,18065,3714,120502,7247,147,1252,43560,97826,9541,35221,63180,3251,1373,64706,79581,5895,451,51,243,61016,89911,3532.76,42.722
1222,1991,19726,10053,9673,19072,654,272,18332,283,31,154,9460,9558,708,5977,6409,577,80,3030,14743,218,17,103,1585,NA,19726,1346.8,14.647
1222,2000,27825,13910,13915,26237,1588,348,25479,283,23,104,13262,13567,996,4555,9198,699,111,4831,21896,182,13,303,600,NA,27825,1346.8,20.66
1222,2010,35667,17859,17808,33572,2095,424,32604,376,12,156,14202,20006,1459,9060,11265,957,183,9154,25892,248,3,NA,370,NA,35667,1346.8,26.483
1222,2020,31573,16058,15515,30219,1354,175,29807,181,7,49,10085,19252,2236,7256,12388,1065,369,6236,25181,75,46,1,34,NA,31573,1346.8,23.443
1223,1991,39873,21630,18243,17132,22741,603,9783,716,143,5887,15159,24327,387,11967,15119,960,421,36213,3076,433,61,66,24,10989,28884,1134.42,35.148
1223,2000,48591,25636,22955,23282,25309,4932,15396,642,127,2185,20102,27824,665,9170,18245,806,268,44799,3382,275,40,80,15,15605,32986,1134.42,42.833
1223,2010,61094,31273,29821,30645,30449,1301,26798,544,69,1933,17962,41978,1154,19058,22438,1265,371,56534,4236,170,36,14,104,19094,42000,1134.42,53.855
1223,2020,68893,37200,31693,34228,34665,1442,30054,614,79,2039,15825,50235,2833,17797,23621,1511,621,66126,2350,350,33,30,4,21957,46936,1134.42,60.73
1224,1991,NA,NA,NA,NA,NA,NA,NA,NA,NA,NA,NA,NA,NA,NA,NA,NA,NA,NA,NA,NA,NA,NA,NA,NA,NA,10053.6,NA
1224,2000,23730,12710,11020,19807,3923,274,18979,212,2,340,9937,13337,456,4373,8898,367,155,7061,16461,127,3,16,62,NA,23730,10053.6,2.36
1224,2010,35341,19082,16259,25842,9499,395,24686,398,24,339,14505,20010,826,6707,13307,652,170,13972,18984,227,24,6,2128,NA,35341,10053.6,3.515
1224,2020,42742,23126,19616,26463,16279,385,25791,194,22,71,10764,29677,2301,8116,18416,722,240,22663,19740,164,148,8,19,NA,42742,10053.6,4.251
1301,1991,369200,184293,184907,366978,2222,125784,80401,154113,2465,4215,127235,228652,13313,130735,137733,10497,1882,136170,98385,77871,1515,39949,14024,277905,91295,1498,246.462
1301,2000,494109,247537,246572,485782,8327,178658,115027,188823,2475,799,155427,319450,19232,124562,201253,10549,2318,195396,149116,105843,1777,27963,14014,422240,71869,1498,329.846
1301,2010,598617,303499,295118,588991,9626,213010,151215,219587,3086,2093,159510,406041,33066,139381,282220,14018,3488,228007,150610,174184,1792,36574,7450,522482,76135,1498,399.611
1301,2020,609205,307666,301539,599228,9977,224265,152216,218716,2562,1469,133423,426714,49068,187367,256341,19738,10819,247593,199223,149807,1644,2426,8512,558113,51092,1498,406.679
1302,1991,35958,18047,17911,35826,132,3269,23865,8605,38,49,14517,19698,1743,11767,13081,1330,232,3491,18926,5088,22,7412,1019,NA,35958,884.4,40.658
1302,2000,41824,21499,20325,41589,235,3537,29191,8778,63,20,15163,24201,2460,8564,16490,1333,274,3961,26310,5622,12,5423,496,NA,41824,884.4,47.291
1302,2010,52760,27132,25628,51599,1161,4095,38117,9172,128,87,16697,32288,3775,11795,22022,1897,349,5107,32824,8013,23,6393,400,NA,52760,884.4,59.656
1302,2020,52643,27339,25304,51525,1118,4636,38030,8654,93,112,10647,37133,4863,16948,21947,2283,744,6234,38422,7219,14,353,401,NA,52643,884.4,59.524
1303,1991,24493,12670,11823,23979,514,7790,12652,3451,25,61,9887,13611,995,7644,9105,816,174,8456,8317,2199,21,4514,927,NA,24493,1812.34,13.515
1303,2000,27345,13950,13395,26829,516,9210,14198,3375,20,26,10708,15258,1379,4824,10800,810,203,9849,11617,2446,12,2850,571,NA,27345,1812.34,15.088
1303,2010,32568,16910,15658,31212,1356,11203,16323,3554,36,96,10677,20008,1883,6539,13915,1093,344,12648,13185,3112,12,2476,1135,NA,32568,1812.34,17.97
1303,2020,33479,17956,15523,30815,2664,10631,16871,3166,25,122,7887,22800,2792,8756,14924,1359,553,13423,16651,2607,18,537,243,NA,33479,1812.34,18.473
1304,1991,46583,23672,22911,46550,33,30934,7761,7446,290,119,20473,24467,1643,13141,17112,1334,189,31422,7269,3640,213,3045,984,NA,46583,407.08,114.432
1304,2000,46966,23583,23383,46763,203,26845,11423,8281,175,39,16963,28594,1409,11679,17160,986,178,28065,11484,4710,129,2282,296,23064,23902,407.08,115.373
1304,2010,85495,42271,43224,84765,730,40737,26893,16446,419,270,27800,54841,2854,20422,35347,1579,347,43646,23650,13860,198,3868,273,64619,20876,407.08,210.02
1304,2020,128284,62212,66072,126866,1418,57341,45534,23010,697,284,28094,94798,5392,46345,49374,2952,1519,63679,46621,16611,504,363,506,106650,21634,407.08,315.132
1305,1991,71874,35866,36008,71580,294,6926,53510,10197,75,872,27884,40779,3211,22457,27746,2613,681,8555,49430,3346,60,7273,3192,NA,71874,2405,29.885
1305,2000,79632,40002,39630,79039,593,9398,59801,9731,74,35,28362,47015,4255,14180,33750,2804,536,10547,58090,7025,30,3109,831,NA,79632,2405,33.111
1305,2010,89078,45137,43941,87356,1722,10799,67943,8156,193,265,26334,56486,6258,17797,41087,3328,532,13235,61770,6630,28,7144,271,11059,78019,2405,37.039
1305,2020,110577,56625,53952,108564,2013,10351,83085,14857,154,117,23643,76048,10886,28145,51881,5424,1484,15286,82274,12245,60,643,69,20531,90046,2405,45.978
1306,1991,45971,23158,22813,45931,40,25381,16734,2820,14,982,18171,25830,1970,13874,17778,1584,368,26925,11580,1073,12,3572,2767,NA,45971,2217.67,20.729
1306,2000,37287,18852,18435,37243,44,19096,16615,1406,6,120,13902,21560,1825,6713,15260,1237,175,19995,13300,1002,5,1721,1264,NA,37287,2217.67,16.814
1306,2010,38324,19646,18678,37269,1055,20491,15441,1215,25,97,11910,23607,2807,7833,16744,1580,257,22184,12854,818,6,2125,337,NA,38324,2217.67,17.281
1306,2020,36211,19077,17134,34012,2199,19393,13469,892,4,254,8123,24430,3658,9746,16375,1398,569,22283,13108,610,12,126,72,NA,36211,2217.67,16.328
1307,1991,58639,28763,29876,58433,206,14870,34770,8703,51,39,20100,35378,3161,16223,24833,2589,680,15369,27032,2907,28,9062,4034,18503,40136,2323.7,25.235
1307,2000,62775,31244,31531,62496,279,17522,37066,7880,14,14,21156,37685,3934,10731,27780,2516,592,18530,34240,5167,19,3077,1742,21243,41532,2323.7,27.015
1307,2010,64500,32661,31839,63878,622,16418,38656,8614,70,120,19413,39933,5154,12180,29921,2607,379,17207,30060,7124,56,9896,157,29534,34966,2323.7,27.757
1307,2020,61238,31710,29528,59876,1362,14055,38438,7251,26,106,12774,41153,7311,18989,25444,2987,1044,16407,38675,5381,26,112,637,27692,33546,2323.7,26.354
1308,1991,22234,10826,11408,22097,137,646,19106,2326,10,9,8225,12729,1280,6008,9464,920,307,773,10382,825,4,8362,1859,NA,22234,3142.55,7.075
1308,2000,23255,11584,11671,23112,143,686,20264,2157,5,NA,7743,14012,1500,3602,10567,1092,251,936,16423,1500,6,2218,2172,NA,23255,3142.55,7.4
1308,2010,27363,13519,13844,27052,311,806,24496,1637,55,58,7146,17669,2548,4811,13746,1408,252,1106,20957,1480,37,3660,123,NA,27363,3142.55,8.707
1308,2020,24573,12490,12083,23866,707,845,21583,1393,10,35,4653,16609,3311,5575,12445,1489,411,1512,21632,1088,5,118,218,NA,24573,3142.55,7.819
1309,1991,43993,21034,22959,43971,22,23605,17693,2642,17,14,18924,22817,2252,12630,15780,1948,429,23794,9296,1424,15,7469,1963,NA,43993,2493.89,17.64
1309,2000,50392,25346,25046,50288,104,29540,18524,2213,7,4,19284,28248,2860,8832,19772,2099,405,29802,12364,1112,3,5119,1992,NA,50392,2493.89,20.206
1309,2010,60728,30338,30390,60216,512,35917,21813,2371,34,81,18748,37402,4578,12498,26280,2702,500,36753,17104,1989,10,4099,773,NA,60728,2493.89,24.351
1309,2020,55860,28928,26932,54812,1048,32533,20738,1481,10,50,13592,36983,5285,15609,23262,2663,734,33994,20665,1024,10,63,104,NA,55860,2493.89,22.399
1310,1991,37939,18794,19145,37914,25,14038,20800,2997,33,46,14390,21428,2121,10817,15061,1772,399,14302,9997,1471,21,7978,4123,NA,37939,1686.85,22.491
1310,2000,42035,21032,21003,41942,93,17418,21725,2759,19,21,15357,24072,2606,7376,17105,1797,400,17792,14235,2079,22,5880,2027,NA,42035,1686.85,24.919
1310,2010,45015,22375,22640,44751,264,17941,23977,2748,26,59,13662,28310,3043,8965,20104,1945,339,18459,16359,2261,13,4522,3401,NA,45015,1686.85,26.686
1310,2020,41509,20648,20861,41155,354,15230,23898,1978,6,43,8185,29221,4103,12402,18506,1805,611,16115,22829,1692,4,112,757,NA,41509,1686.85,24.607
1311,1991,49631,24719,24912,49522,109,6436,21663,21367,30,26,18271,29419,1941,15222,19519,1670,256,14521,12861,6827,22,4058,10746,21156,28475,985,50.387
1311,2000,57096,28725,28371,55631,1465,8012,25996,21596,14,13,19658,35025,2413,11264,24150,1755,269,18855,17931,7480,17,5508,7305,25053,32043,985,57.965
1311,2010,56228,28329,27899,54992,1236,9192,23542,21772,116,370,17350,35685,3193,11001,25913,1683,281,14606,17001,13032,46,8715,2828,32493,23735,985,57.084
1311,2020,44039,22121,21918,43546,493,7318,19221,16904,31,72,9832,30147,4060,11058,20376,1829,744,11531,20070,8317,16,157,3948,26018,18021,985,44.71
1312,1991,26957,13038,13919,26888,69,3987,11671,11194,30,6,10249,15293,1415,8616,10462,1046,195,5626,9068,823,34,6480,4877,NA,26957,719,37.492
1312,2000,28942,14180,14762,28880,62,4327,13991,10543,7,12,10368,16958,1616,5257,12188,969,160,6313,11402,2107,8,4281,4831,NA,28942,719,40.253
1312,2010,28713,14067,14646,27676,1037,4450,14310,8731,93,92,9450,17207,2056,5447,12590,1040,186,6290,10841,3297,38,7393,854,10285,18428,719,39.935
1312,2020,20299,10127,10172,19884,415,3119,9279,7407,3,76,4940,13566,1793,4950,9091,869,375,4552,11357,2282,2,211,1895,7662,12637,719,28.232
1313,1991,20059,9878,10181,20045,14,828,18228,968,16,5,8580,10490,989,6666,6601,825,162,18130,721,493,8,364,310,NA,20059,1956.53,10.252
1313,2000,14851,7446,7405,14833,18,740,13623,467,2,1,6065,8102,684,2985,5191,561,49,13564,836,279,NA,26,146,NA,14851,1956.53,7.59
1313,2010,29975,15676,14299,28048,1927,2319,24948,743,14,24,9296,18910,1769,7244,12302,984,149,23200,2253,314,20,3641,547,NA,29975,1956.53,15.32
1313,2020,27423,14747,12676,24605,2818,1620,22551,358,5,71,6762,18626,2035,8135,11084,1030,412,23812,3048,171,5,164,223,NA,27423,1956.53,14.016
1314,1991,28104,13661,14443,28081,23,276,26514,1265,20,6,10938,15813,1353,6763,12269,1299,412,393,11371,292,21,14650,1363,NA,28104,2628.3500000000004,10.693
1314,2000,31723,16185,15538,31702,21,253,30422,1021,4,2,11383,18592,1748,4356,14178,1438,368,436,15654,280,7,14131,1215,NA,31723,2628.3500000000004,12.07
1314,2010,30588,15401,15187,30505,83,370,29341,724,20,50,9351,18803,2434,4614,14834,1427,362,636,23954,167,15,4581,1235,NA,30588,2628.3500000000004,11.638
1314,2020,30795,15773,15022,30718,77,347,29703,611,2,55,6978,20792,3025,7244,14276,1628,669,547,27818,255,NA,360,1815,NA,30795,2628.3500000000004,11.716
1315,1991,170399,83877,86522,168045,2354,17403,52530,97663,287,162,60671,103098,6630,56632,66005,4584,789,30722,76597,16140,207,15785,29795,133479,36920,2229.75,76.421
1315,2000,210118,104814,105304,202946,7172,20401,68268,114041,106,130,69023,132605,8490,46545,89881,3988,681,40179,109747,27115,125,12527,20425,167427,42691,2229.75,94.234
1315,2010,240165,123143,117022,226004,14161,24110,86578,113422,720,1174,66355,160988,12822,56300,110767,5477,1266,49990,119773,40556,254,14181,15411,200546,39619,2229.75,107.709
1315,2020,248064,127822,120242,234837,13227,24559,94913,114477,248,640,51862,176042,20160,66288,110833,9724,4076,50017,149067,34328,212,864,13576,209898,38166,2229.75,111.252
1316,1991,24296,11626,12670,24277,19,1252,21313,1700,3,9,9591,13280,1425,7285,9076,1142,247,8787,6681,424,5,7219,1136,NA,24296,905.29,26.838
1316,2000,23462,11358,12104,23386,76,402,21561,1417,3,3,9049,12767,1646,4067,9207,921,218,7837,7943,540,2,6542,598,NA,23462,905.29,25.917
1316,2010,18523,8917,9606,18273,250,460,16539,1250,11,13,6453,10444,1626,4016,7166,792,96,8644,6134,723,NA,1403,1619,NA,18523,905.29,20.461
1316,2020,21147,10932,10215,18328,2819,684,16498,1130,4,12,4771,14266,2110,5823,9199,1058,296,12363,6745,520,2,23,1494,NA,21147,905.29,23.359
1317,1991,41831,22509,19322,41595,236,1879,35595,4077,29,15,14653,25352,1826,13182,16753,1539,306,9796,13181,1044,13,14614,3095,NA,41831,6331,6.607
1317,2000,44837,23054,21783,44220,617,1309,39579,3257,15,60,15796,26541,2500,8382,18846,1516,297,11161,17742,1183,15,9897,4839,NA,44837,6331,7.082
1317,2010,63799,33933,29866,59085,4714,3400,50979,4455,74,177,18171,41541,4087,15454,27669,2059,446,18800,29356,2098,47,4944,8554,16743,47056,6331,10.077
1317,2020,62119,32659,29460,56380,5739,3478,49171,3591,31,109,13904,43659,4556,16212,28642,2342,1019,21349,33076,1758,59,1595,4282,17025,45094,6331,9.812
1318,1991,25380,12137,13243,25364,16,637,21085,3622,13,7,10148,13584,1648,6704,10055,1261,455,751,11127,1452,15,11331,625,NA,25380,2253.54,11.262
1318,2000,27143,13228,13915,27114,29,848,23006,3251,8,1,9985,15297,1861,3962,11526,1391,279,1071,14787,1917,14,6423,2931,NA,27143,2253.54,12.045
1318,2010,28259,13784,14475,28013,246,1121,24040,2722,45,85,8272,16945,3042,4827,13470,1426,264,1422,15429,2079,51,7051,2227,NA,28259,2253.54,12.54
1318,2020,24700,12349,12351,24233,467,1025,21032,2141,4,31,5800,16055,2845,5303,11499,1599,499,1765,20955,1465,16,32,467,NA,24700,2253.54,10.961
1319,1991,86132,48009,38123,84462,1670,9590,53520,20711,204,437,28424,55468,2240,27122,34890,1881,523,23796,30403,5886,147,15102,10192,51862,34270,7220.36,11.929
1319,2000,139012,73693,65319,121732,17280,13803,79647,27653,153,476,47202,88799,3011,30776,58227,2109,698,48355,58423,10465,99,14009,7661,103733,35279,7220.36,19.253
1319,2010,183402,99489,83913,155509,27893,20036,103484,30831,430,728,53023,124966,5413,41223,84699,3292,1165,61898,81968,16348,339,13084,9765,135128,48274,7220.36,25.401
1319,2020,208252,113474,94778,183327,24925,25572,122820,34016,297,622,48465,153159,6628,57013,95241,3533,2328,68861,123424,11936,355,834,2842,153125,55127,7220.36,28.842
1320,1991,21124,12267,8857,20970,154,920,17446,2519,14,71,7168,13149,807,6620,8495,617,228,2354,7645,690,9,8376,2049,NA,21124,4945.85,4.271
1320,2000,23241,12225,11016,21113,2128,978,18576,1499,6,54,8365,13947,929,4221,9761,693,201,4327,10985,863,3,5405,1658,NA,23241,4945.85,4.699
1320,2010,29592,15714,13878,25589,4003,959,22883,1520,38,189,8509,19624,1459,5621,14539,793,130,5323,15731,1114,44,4253,3127,NA,29592,4945.85,5.983
1320,2020,31920,17542,14378,28455,3465,1399,25555,1327,13,161,7763,22509,1648,7858,14848,838,316,5960,24764,660,7,148,381,NA,31920,4945.85,6.454
1321,1991,55608,30413,25195,55243,365,1441,47532,6209,20,41,20707,32918,1983,14663,22417,1849,1065,2233,24220,1883,21,23900,2914,NA,55608,15949,3.487
1321,2000,56709,28166,28543,55672,1037,1636,49536,4461,23,16,22151,32035,2523,8668,23497,1702,691,3614,37370,1913,21,11100,2691,13610,43099,15949,3.556
1321,2010,55304,27320,27984,54657,647,2067,48603,3824,68,95,18992,32484,3828,7789,26201,1905,417,2997,44405,2613,74,1105,4110,15527,39777,15949,3.468
1321,2020,46185,24337,21848,45090,1095,1372,40999,2650,28,41,11687,30824,3674,10593,21061,1923,921,3011,41508,1366,16,128,156,15234,30951,15949,2.896
1322,1991,17576,8880,8696,17540,36,462,15911,1158,7,2,6756,9834,986,4573,7152,787,386,605,6451,444,8,9650,330,NA,17576,3935.19,4.466
1322,2000,19236,9562,9674,19225,11,721,17605,890,7,2,7261,10787,1188,2881,8001,820,273,873,9829,417,4,6712,1401,NA,19236,3935.19,4.888
1322,2010,20105,10046,10059,19983,122,719,18262,904,28,70,6960,11402,1743,2386,9834,747,178,997,14096,739,42,338,3893,NA,20105,3935.19,5.109
1322,2020,9961,4878,5083,9935,26,456,8936,536,1,6,2492,6237,1232,1770,5008,556,135,690,7899,236,2,1010,124,NA,9961,3935.19,2.531
1323,1991,22284,14175,8109,22073,211,556,19459,2011,5,42,6621,15005,658,6484,10385,475,220,990,14740,663,9,5072,756,NA,22284,19050,1.17
1323,2000,22896,12778,10118,21961,935,1014,19607,1287,2,51,8418,13729,749,4057,9747,487,187,2264,18142,710,9,1102,669,NA,22896,19050,1.202
1323,2010,35247,20618,14629,30245,5002,895,27681,1462,40,167,10439,23072,1736,5738,18111,839,120,3733,19281,2184,80,189,9780,NA,35247,19050,1.85
1323,2020,22502,12958,9544,19511,2991,637,18388,350,8,128,4635,17227,640,6615,10020,384,191,2294,19394,125,5,10,674,NA,22502,19050,1.181
1324,1991,161373,83844,77529,156237,5136,29715,72498,51707,519,1798,55907,100817,4649,52068,63704,3700,1048,49773,56078,26831,282,13300,13869,102878,58495,8964.07,18.002
1324,2000,221055,113715,107340,206470,14585,41029,95973,67714,529,1225,72663,141937,6455,50688,92485,4052,1167,72398,89394,36319,312,13786,8846,169005,52050,8964.07,24.66
1324,2010,290274,155462,134812,263087,27187,52954,129469,77869,1186,1609,75741,203563,10970,73323,132713,6550,1947,92932,159871,19318,551,7267,10335,225913,64361,8964.07,32.382
1324,2020,306166,162442,143724,278857,27309,54151,147189,75662,723,1132,61239,225981,18946,91344,133392,9579,4486,96838,152655,45417,373,1915,8968,233945,72221,8964.07,34.155
1325,1991,71958,40470,31488,70267,1691,4999,55655,9282,29,302,26429,43061,2468,21424,29299,1850,388,8068,39810,2210,34,17819,3604,NA,71958,17813,4.04
1325,2000,71713,37333,34380,69331,2382,4269,58852,5903,26,281,26013,42141,3559,12850,30483,2003,364,7192,49597,3142,29,7666,4087,NA,71713,17813,4.026
1325,2010,62883,33070,29813,58662,4221,4673,49526,4108,85,270,18185,40331,4367,12603,29550,2216,329,8397,39156,110,43,5126,10051,NA,62883,17813,3.53
1325,2020,64939,34851,30088,54025,10914,5552,45478,2699,34,262,14807,45917,4215,16341,30373,1842,914,16377,44978,1785,11,654,1134,NA,64939,17813,3.646
1326,1991,33899,17611,16288,33587,312,8437,19395,5544,45,166,13243,19298,1358,10391,12823,894,270,13135,13139,2120,21,2964,2245,11054,22845,3978.1,8.521
1326,2000,39817,20400,19417,38979,838,9992,22803,6044,41,99,14671,23529,1617,7719,16158,1048,221,15684,17890,3046,13,2483,701,19018,20799,3978.1,10.009
1326,2010,46980,23943,23037,45900,1080,12996,26079,6465,91,269,15152,29558,2270,9209,21040,1278,301,18975,19963,181,36,4951,2874,24692,22288,3978.1,11.81
1326,2020,45061,23191,21870,43856,1205,11736,26867,5114,34,105,11566,30344,3151,11234,19462,1960,839,20256,21041,3024,21,374,345,23371,21690,3978.1,11.327
1327,1991,29276,16058,13218,28144,1132,8509,15565,3228,24,818,11121,16990,1165,10636,10054,759,105,12514,14233,1498,13,665,220,NA,29276,3811.91,7.68
1327,2000,32726,17054,15672,31128,1598,10793,16814,3118,43,360,12306,18923,1497,7054,12472,777,117,15311,15196,1897,3,136,183,NA,32726,3811.91,8.585
1327,2010,37212,19593,17619,35220,1992,12771,18976,3244,37,192,12281,22969,1962,7854,15924,1005,148,18343,14244,58,60,26,4481,NA,37212,3811.91,9.762
1327,2020,36604,18724,17880,34790,1814,13814,18414,2385,24,153,9774,24067,2763,9527,15696,1186,421,19773,15389,1379,21,24,18,NA,36604,3811.91,9.603
1328,1991,NA,NA,NA,NA,NA,NA,NA,NA,NA,NA,NA,NA,NA,NA,NA,NA,NA,NA,NA,NA,NA,NA,NA,NA,NA,1600.05,NA
1328,2000,11183,5286,5897,11153,30,537,10166,447,NA,3,4528,5826,829,2115,3892,571,77,9530,1076,359,NA,10,208,NA,11183,1600.05,6.989
1328,2010,16952,8439,8513,16544,408,625,15295,566,2,56,5583,9918,1451,3905,6495,860,109,10780,4964,3,NA,28,1177,NA,16952,1600.05,10.595
1328,2020,16316,8842,7474,13982,2334,548,13046,333,NA,55,3463,11460,1393,5001,6976,686,190,12345,3685,174,NA,17,95,NA,16316,1600.05,10.197
1329,1991,NA,NA,NA,NA,NA,NA,NA,NA,NA,NA,NA,NA,NA,NA,NA,NA,NA,NA,NA,NA,NA,NA,NA,NA,NA,302.81,NA
1329,2000,28513,14477,14036,28449,64,23419,2609,2414,4,3,10649,16297,1567,5857,10881,926,200,23659,2042,1553,4,768,487,NA,28513,302.81,94.161
1329,2010,31190,15830,15360,30986,204,26032,2881,2038,18,17,10350,18469,2371,6607,12890,1107,236,26534,2597,30,NA,163,1866,NA,31190,302.81,103.002
1329,2020,33606,17141,16465,33319,287,28742,3028,1533,5,11,8423,21974,3209,8863,14346,1498,476,29688,2680,1197,1,36,4,NA,33606,302.81,110.98
1401,1991,1145342,584989,560353,1094989,50353,438201,3546,505995,132963,14284,336375,774960,34007,419387,439884,30310,6246,482268,57360,387480,102232,83608,18013,1145342,NA,243,4713.342
1401,2000,1305792,659163,646629,1234022,71770,527821,11218,536777,140696,17510,340793,923105,41894,393254,529075,33979,8691,601013,71757,450300,109814,44412,28496,1305792,NA,243,5373.63
1401,2010,1588750,808357,780393,1440158,148592,644406,16597,621805,148300,9050,351346,1162611,74793,457142,726983,40644,12635,736144,92242,567318,134736,26907,31403,1588750,NA,243,6538.066
1401,2020,1982112,1058906,923206,1773666,208446,824621,21718,737161,178099,12067,395822,1455903,130387,467509,891276,45630,25037,897637,127695,639619,162926,35045,119190,1982112,NA,243,8156.84
1501,1991,54241,28994,25247,44193,10048,18266,13339,8245,807,3536,20504,32681,1056,15987,20602,1016,384,39526,6595,6092,312,751,398,26271,27970,92,589.576
1501,2000,70871,37070,33801,56816,14055,27923,17234,9025,733,1901,26641,42817,1413,15203,27474,1093,460,54124,8911,6676,306,483,371,54752,16119,92,770.337
1501,2010,83920,43249,40671,72140,11780,28953,31466,9639,620,1462,24218,57680,2022,20837,36772,1435,658,63797,10426,7489,345,111,1752,68726,15194,92,912.174
1501,2020,95120,48890,46230,84288,10832,23640,49031,9843,891,883,26013,65111,3996,24798,40115,2651,1543,73460,13118,7676,612,188,66,84605,10515,92,1033.913
1601,1991,NA,NA,NA,NA,NA,NA,NA,NA,NA,NA,NA,NA,NA,NA,NA,NA,NA,NA,NA,NA,NA,NA,NA,NA,NA,49,NA
1601,2000,NA,NA,NA,NA,NA,NA,NA,NA,NA,NA,NA,NA,NA,NA,NA,NA,NA,NA,NA,NA,NA,NA,NA,NA,NA,49,NA
1601,2010,68361,32207,36154,66785,1576,64644,787,452,820,82,21099,46739,523,14915,31428,567,352,66573,588,260,668,80,192,68361,NA,49,1395.122
1601,2020,109202,53574,55628,106381,2821,101820,2324,670,1303,264,41460,66207,1535,18587,45588,1365,1481,106132,880,533,1152,98,407,109202,NA,49,2228.612
